Gender,Lung Sound Type,Location,Lung Sound ID,Mean,STD,Min,Max,RMS,ZCR,SC,SB,SRO,SF
M,Normal,RUA,M_N_RUA,-1.0523382749624772e-06,0.0038510608511656,-0.0153606552630662,0.0171190313994884,0.0038510609949462,0.0158766526442307,206.63974283212565,214.67007268872197,307.9248046875,1.9379779831280905e-05
M,Normal,RUA,M_N_RUA,-2.148835915727724e-06,0.0054503308109232,-0.0208432003855705,0.0198525432497262,0.0054503312345209,0.0193209134615384,279.47223542623084,263.4145336426739,512.1589543269231,4.351894454208959e-06
M,Normal,RUA,M_N_RUA,7.497166242709704e-06,0.0050093592523224,-0.0182840358465909,0.0179811064153909,0.0050093648625678,0.0108623798076923,180.75515971360767,211.05176745549616,305.93712439903845,7.614961320357704e-06
M,Normal,RUA,M_N_RUA,-7.888329498598651e-06,0.0065082158648827,-0.0280999317765235,0.0283598098903894,0.0065082206454339,0.0207068810096153,294.44047008591275,267.8071992240404,524.9132361778846,1.808020321963104e-05
M,Normal,RUA,M_N_RUA,4.209414675789734e-07,0.0062137503085145,-0.0289519913494586,0.0334935635328292,0.0062137503227725,0.0113544170673076,183.26113564052883,204.7620556568458,296.3300030048077,1.3334256016885483e-05
F,Normal,LUA,F_N_LUA,1.8629237463767e-06,0.0044581807157337,-0.0219247136265039,0.0210919938981533,0.0044581811049603,0.0363619290865384,403.1743306000985,225.62848153105824,553.5689603365385,1.929847867409539e-06
F,Normal,LUA,F_N_LUA,-1.1868801677752833e-06,0.0039230652521379,-0.02513238042593,0.02100820094347,0.0039230654316766,0.0276742788461538,341.14999025434554,246.845758573565,479.1965895432692,9.21976407107646e-06
F,Normal,LUA,F_N_LUA,9.754388074085956e-07,0.004691027209886,-0.0231936611235141,0.0242214445024728,0.004691027311301,0.033984375,394.9102027825849,258.9585870940685,553.5689603365385,2.4385498936174884e-05
F,Normal,LUA,F_N_LUA,-8.131294356808116e-07,0.0042190574671575,-0.0223572887480258,0.0230474583804607,0.0042190575455139,0.0352914663461538,420.95239311944033,266.9722485151345,605.9112079326923,7.430295540394078e-05
F,Normal,LUA,F_N_LUA,-4.442435954688961e-07,0.0039964891905694,-0.0221019499003887,0.0209495685994625,0.0039964892152602,0.0273399939903846,344.8367011719936,264.82562607449177,522.2629957932693,2.3725564940614703e-05
F,Normal,RMA,F_N_RMA,1.3202660631188504e-05,0.0090400700076685,-0.0379813760519027,0.0315477140247821,0.0090400796486422,0.0203087439903846,303.5297171696168,270.8698161129709,538.9926382211538,2.9198437419824985e-05
F,Normal,RMA,F_N_RMA,-1.8092022782035185e-05,0.0116966536826076,-0.0778849869966507,0.0680469423532486,0.0116966676746903,0.008642578125,173.58312540895773,214.82772337867712,312.9768254206731,4.894152267640874e-05
F,Normal,RMA,F_N_RMA,-3.471423621077896e-06,0.0094377509779427,-0.0653532743453979,0.0663364380598068,0.0094377516163778,0.0236553485576923,324.66337639937086,280.81917456964123,567.0686222956731,9.17752884559794e-05
F,Normal,RMA,F_N_RMA,8.041952709100795e-06,0.0067859043630068,-0.035986915230751,0.0394783727824687,0.0067859091282508,0.0169546274038461,235.97374140341387,228.704926712413,355.3806715745192,6.488940171756776e-05
F,Normal,RMA,F_N_RMA,2.7631633192888947e-06,0.0065452333435243,-0.0330157876014709,0.03713084384799,0.0065452339267786,0.022412109375,289.4447550500067,249.29419238478772,485.57373046875,2.3829916820316543e-05
F,Normal,LMA,F_N_LMA,-2.3647891307384826e-07,0.0050920652749857,-0.0183545835316181,0.0227444786578416,0.0050920652804768,0.0198918269230769,297.4886602498002,282.91012309685624,540.4005784254807,1.639297422732294e-05
F,Normal,LMA,F_N_LMA,1.72284703776265e-05,0.0059975206941728,-0.0278468504548072,0.02928320877254,0.0059975454393629,0.0113919771634615,187.2886941186304,221.9676123668693,330.36902794471155,1.6885193495827737e-05
F,Normal,LMA,F_N_LMA,-4.639775527206313e-06,0.0069282717952767,-0.0295837074518203,0.0271606855094432,0.0069282733488758,0.0264723557692307,352.5539090188808,288.7902736265155,603.3437875600962,6.226788563242153e-05
F,Normal,LMA,F_N_LMA,-1.317664243371345e-05,0.006047670464586,-0.0276057664304971,0.0254181958734989,0.0060476848191793,0.0138296274038461,211.00296213588143,226.98805442052148,350.41147085336536,8.13338925605786e-05
F,Normal,LMA,F_N_LMA,1.2285372748012966e-05,0.0066388882294723,-0.0307462308555841,0.0256963390856981,0.0066388995966056,0.0257850060096153,325.05149222402093,258.7162376208206,555.3910006009615,1.0415498033207993e-05
M,Normal,RLA,M_N_RLA,-1.1517076532419841e-07,0.0014478340751167,-0.0093970894813537,0.0093838032335042,0.0014478340796974,0.0367525540865384,423.96801979314193,316.1110899153327,656.1829552283654,6.536060626787916e-05
M,Normal,RLA,M_N_RLA,1.99909078538527e-07,0.0013289585415814,-0.0064356159418821,0.0063245962373912,0.0013289585566171,0.0403733473557692,455.3672040465022,306.8187944088243,678.7099984975962,0.0001348010461564
M,Normal,RLA,M_N_RLA,-4.895644791723221e-08,0.0012033202299384,-0.0061895987018942,0.0070922230370342,0.0012033202309343,0.0406588040865384,456.6159884444581,290.13981878835443,672.91259765625,0.0001012342021539
M,Normal,RLA,M_N_RLA,-2.4841400125280288e-08,0.0013755120432259,-0.0069071659818291,0.0066661518067121,0.0013755120434503,0.0407189002403846,434.4653050913859,281.5783710049872,644.5053335336538,1.949905930936448e-05
M,Normal,RLA,M_N_RLA,-3.750213518710418e-07,0.0015939862061344,-0.006972687318921,0.0067329201847314,0.0015939862502505,0.0452035757211538,483.588020225107,225.54844252082069,663.0570162259615,8.852379142754741e-06
M,Normal,LLA,M_N_LLA,2.907446160177227e-06,0.0005394670858908,-0.0037293056957423,0.0035764719359576,0.000539474920643,0.0311373197115384,380.8604096883429,349.9372069583936,641.0268930288462,7.22758264647127e-05
M,Normal,LLA,M_N_LLA,1.2277341182250389e-06,0.0186363029857712,-0.0911959111690521,0.1116888672113418,0.0186363030262119,0.0096416766826923,186.3740831250057,236.97729115348903,350.9912109375,3.223375666511302e-05
M,Normal,LLA,M_N_LLA,-4.455908037967085e-06,0.0052247991040479,-0.03121979534626,0.0264313481748104,0.0052248010041318,0.0184420072115384,263.6826906178912,266.97396856170195,469.8379281850961,2.823139537569889e-05
M,Normal,LLA,M_N_LLA,2.6321478360900985e-06,0.0047073273790269,-0.0207022055983543,0.0192205794155597,0.0047073281149224,0.0240572415865384,312.83489634401184,275.06814170305296,510.5853740985577,7.359563055195237e-05
M,Normal,LLA,M_N_LLA,4.386638826713712e-06,0.0078413190664969,-0.0745091885328292,0.0339638963341712,0.007841320293497,0.019775390625,256.17135197411386,220.2252402866528,416.5018404447116,6.976967591458098e-05
M,Pleural Rub,RMA,M_PR_RMA,-3.4895097753841263e-06,0.0027507464317279,-0.0103169502690434,0.0089095309376716,0.0027507486450678,0.0075946514423076,167.8762023537295,241.8048665175214,306.7653245192308,4.4752615241281526e-05
M,Pleural Rub,RMA,M_PR_RMA,3.2535840062087e-06,0.0035618722487884,-0.0125427013263106,0.0125239249318838,0.0035618737347775,0.0070199819711538,173.3926653659405,247.96965197812952,297.4894831730769,6.311833700716016e-05
M,Pleural Rub,RMA,M_PR_RMA,-4.731443288663627e-06,0.003108725496736,-0.0157302282750606,0.0112831853330135,0.0031087290973342,0.0098783052884615,192.9469692404449,242.57086328037647,322.08702674278845,6.436128204082455e-05
M,Pleural Rub,RMA,M_PR_RMA,-1.2278097009607284e-06,0.0033434568493798,-0.01257917098701,0.0102848960086703,0.0033434570748227,0.0084998497596153,178.62679962901848,234.42718375558653,306.5168644831731,4.5231983618930034e-05
M,Pleural Rub,RMA,M_PR_RMA,1.616971125271089e-06,0.0036073554718882,-0.0194833353161811,0.0234050787985324,0.003607355834286,0.0091871995192307,182.95606084027884,237.710230200712,312.39708533653845,3.362707589855539e-05
M,Pleural Rub,LUA,M_PR_LUA,-2.1836662391833864e-06,0.004445440222381,-0.0185143873095512,0.0159345082938671,0.0044454407587056,0.0097280649038461,161.7695484182472,192.85842567701803,269.1650390625,3.7179308274629706e-06
M,Pleural Rub,LUA,M_PR_LUA,3.672751036370502e-06,0.003762103593848,-0.0167836137115955,0.0263899620622396,0.0037621053866079,0.0103290264423076,159.22096488418694,195.1795186404644,248.79131610576923,3.274341910129757e-06
M,Pleural Rub,LUA,M_PR_LUA,3.760851350245478e-06,0.0038922670947614,-0.0165034793317317,0.0156069993972778,0.0038922689116973,0.0099083533653846,167.73558641599553,208.94474884782107,271.6496394230769,2.7837384852296862e-05
M,Pleural Rub,LUA,M_PR_LUA,-7.378134141975394e-06,0.0038546385584039,-0.0185956079512834,0.0194173231720924,0.0038546456196125,0.0091909555288461,159.1553976488998,200.7840195601344,258.0671574519231,1.438147256328344e-05
M,Pleural Rub,LUA,M_PR_LUA,5.988562143755248e-06,0.004556099160309,-0.0297556072473526,0.0319086462259292,0.0045561030960071,0.0116849459134615,161.63299265364662,180.40684619689463,258.3156174879808,6.45774279046192e-07
F,Rhonchi,LUA,F_R_LUA,-4.875897082749357e-06,0.0057762051514364,-0.0200240444391965,0.0202680863440036,0.0057762072093938,0.0061936598557692,120.4490919759389,188.94110588743715,181.21018629807693,2.5974145718116548e-05
F,Rhonchi,LUA,F_R_LUA,-7.604527655349747e-07,0.0064648735557547,-0.0217590574175119,0.0215568765997886,0.0064648736004801,0.0119178185096153,204.84189082674283,227.5436862500504,363.5798527644231,3.292363505015277e-05
F,Rhonchi,LUA,F_R_LUA,-1.3769079688614416e-05,0.0052164435628216,-0.0233269874006509,0.0222153943032026,0.0052164617348983,0.0075946514423076,137.6136020311637,195.5048377145825,212.51615084134616,6.045606601270309e-05
F,Rhonchi,LUA,F_R_LUA,1.5876298564546833e-05,0.0058353681523653,-0.0343945138156414,0.0346804186701774,0.005835389749665,0.0127854567307692,209.5068948423236,229.22497218036543,380.3923152043269,0.0002040342319163
F,Rhonchi,LUA,F_R_LUA,-2.308702237902488e-06,0.0051722315914924,-0.0182648710906505,0.0182145107537508,0.0051722321067542,0.008867938701923,151.33872221806695,187.6288850679529,240.42649489182693,9.41527452562023e-06
M,Wheezing,LUA,M_W_LUA,-3.020864244615384e-06,0.0038799806233442,-0.0175160821527242,0.0180246215313673,0.0038799817993319,0.0185922475961538,257.6257501806842,240.2127504422574,424.4525615985577,5.324291261804963e-05
M,Wheezing,LUA,M_W_LUA,1.0560155102281986e-06,0.0053500452516485,-0.0216149091720581,0.0210716556757688,0.005350045355869,0.0284743088942307,351.6764622842633,235.8662991411398,564.5840219350962,3.180904683354694e-05
M,Wheezing,LUA,M_W_LUA,2.957602927953876e-06,0.0033369375892064,-0.0205426756292581,0.0217955540865659,0.0033369388999011,0.0178147536057692,256.8734938008883,255.38064193916463,403.8303786057692,5.187037736178934e-05
M,Wheezing,LUA,M_W_LUA,8.165651570551712e-07,0.0052049761301954,-0.0212555266916751,0.0213093012571334,0.0052049761942474,0.029443359375,358.0069555866203,239.1274081459,553.0720402644231,1.9473559603286773e-05
M,Wheezing,LUA,M_W_LUA,-9.321869673031284e-07,0.0036740024250388,-0.0219313129782676,0.0236248448491096,0.0036740025432984,0.0221754807692307,291.5788680629084,249.55421813043213,461.9700270432692,8.315071003176506e-06
M,Fine Crackles,LUA,M_FC_LUA,8.4776612632582e-09,0.0023657649788578,-0.0215057507157325,0.0165421869605779,0.002365764978873,0.024853515625,318.5022410000085,274.3090566170058,524.0022160456731,4.6113583264414086e-05
M,Fine Crackles,LUA,M_FC_LUA,-1.829024106402044e-06,0.004626966000757,-0.0327663458883762,0.034258235245943,0.0046269663622605,0.02041015625,281.4552984368137,257.0913020803931,410.9528996394231,3.329864075000079e-05
M,Fine Crackles,LUA,M_FC_LUA,1.2948914961174e-06,0.0030568488205007,-0.0195611454546451,0.0175029430538415,0.0030568490947609,0.0199744591346153,269.1814030812994,241.3032822850477,396.2937575120192,4.454581568418168e-05
M,Fine Crackles,LUA,M_FC_LUA,8.680408335490066e-07,0.0046443178464673,-0.0308230612426996,0.0324763432145118,0.0046443179275874,0.0218186598557692,278.98176581454305,233.54315988878184,398.0329777644231,1.398388890698138e-05
M,Fine Crackles,LUA,M_FC_LUA,2.7899226422317977e-06,0.0029480471926284,-0.0194852016866207,0.0170880332589149,0.0029480485127678,0.020098407451923,261.22753137971154,228.94785268876797,367.9693134014423,1.418986681475081e-05
M,Normal,LUA,M_N_LUA,-1.2229838689030848e-05,0.0058717052510816,-0.029730062931776,0.0345229096710681,0.0058717179874832,0.0124098557692307,214.7437028098708,251.25957705813647,384.6161358173077,1.310096695730214e-05
M,Normal,LUA,M_N_LUA,-6.191505231880121e-06,0.0058664397386714,-0.0197448208928108,0.0200831219553947,0.005866443005962,0.0166917067307692,243.6862648738084,247.6973232139033,426.7715219350961,1.7745846354452464e-05
M,Normal,LUA,M_N_LUA,5.353214826367272e-06,0.0067206203752005,-0.0381268933415412,0.0344476327300071,0.0067206225072138,0.0158804086538461,251.859545907186,252.32007900056703,462.8810471754808,1.404306964506479e-05
M,Normal,LUA,M_N_LUA,1.3919220300446664e-05,0.0052313937957247,-0.0324118584394454,0.0280750636011362,0.0052314123131943,0.0147611177884615,221.0928400937956,237.99680364898427,374.2636343149039,3.75587050723465e-05
M,Normal,LUA,M_N_LUA,-5.7895442897940335e-06,0.0045677995091361,-0.0220886617898941,0.0235311668366193,0.0045678031781686,0.030029296875,358.7512337456895,271.1183179772684,619.1624098557693,8.881968828597485e-05
M,Coarse Crackles,LLA,M_CC_LLA,4.966744306198626e-07,0.0010179033383454,-0.0045193373225629,0.0040933997370302,0.0010179034595187,0.0134352463942307,236.61638621211185,305.32466653352475,398.0329777644231,0.000176696219253
M,Coarse Crackles,LLA,M_CC_LLA,-4.862917562456905e-07,0.0012265060161142,-0.0059191565960645,0.0054583307355642,0.001226506112518,0.0104567307692307,220.9061330741024,300.1908350988807,434.47378305288464,1.2031653500395552e-05
M,Coarse Crackles,LLA,M_CC_LLA,2.837190221452988e-07,0.0012716805341607,-0.007112642750144,0.0058297216892242,0.0012716805658104,0.007207782451923,160.64970589131798,247.1718593558044,254.34025691105768,4.132122226229574e-06
M,Coarse Crackles,LLA,M_CC_LLA,1.97466598093739e-06,0.0011398970115492,-0.0040017408318817,0.0041876439936459,0.0011398987219242,0.0108811598557692,221.88797407344785,291.5438562727951,425.5292217548077,2.0345861521112207e-05
M,Coarse Crackles,LLA,M_CC_LLA,-2.369851939388908e-06,0.0011521208011919,-0.0090316962450742,0.0062597873620688,0.0011521232385197,0.0086275540865384,180.62427280852276,274.55290827239617,321.6729266826923,1.7957912140777044e-05
M,Coarse Crackles,LUA,M_CC_LUA,-1.3683786343411632e-05,0.0041157086062338,-0.0160295777022838,0.0137045867741107,0.0041157313538951,0.0053560697115384,131.85455615607285,219.52186279182104,213.1787109375,1.1616237045480625e-05
M,Coarse Crackles,LUA,M_CC_LUA,2.2667030928061976e-05,0.0035365706650523,-0.0157918035984039,0.0158613063395023,0.0035366433044908,0.0065655048076923,145.94884740466597,222.98163287209445,249.2054161658654,2.203862230988833e-05
M,Coarse Crackles,LUA,M_CC_LUA,-9.17262728336362e-06,0.0040831406679686,-0.0227361470460891,0.0255332328379154,0.0040831509709427,0.0060809795673076,172.7145993428555,249.26490604487307,320.18216646634613,5.086975809939639e-05
M,Coarse Crackles,LUA,M_CC_LUA,1.898600701126534e-07,0.003932932859169,-0.0198168531060218,0.0295005738735198,0.0039329328637517,0.005517578125,118.26092634677433,188.323528218677,187.67014723557693,3.44576215267446e-05
M,Coarse Crackles,LUA,M_CC_LUA,1.7694223926606595e-06,0.0034619105404737,-0.0155809242278337,0.0143437553197145,0.0034619109926597,0.0081993689903846,178.85484676071607,218.7659406204971,335.8351487379808,8.649309937556918e-07
F,Fine Crackles,LUA,F_FC_LUA,-1.904605717639944e-05,0.0051378499315885,-0.0194734577089548,0.019938763231039,0.0051378852334222,0.009844501201923,169.2582745466866,209.5369199727772,271.98091947115387,6.093072455735921e-05
F,Fine Crackles,LUA,F_FC_LUA,5.70543659702686e-06,0.0032803361851957,-0.0230494551360607,0.0192283652722835,0.0032803411468795,0.0110013521634615,204.45236692711677,247.91373267060985,366.56137319711536,8.654838421089198e-05
F,Fine Crackles,LUA,F_FC_LUA,-4.335525815487517e-06,0.0030675463011745,-0.0229003354907035,0.0270671732723712,0.0030675493649873,0.0138596754807692,213.38999697205207,239.6766214445865,341.5497295673077,3.730197447522734e-05
F,Fine Crackles,LUA,F_FC_LUA,6.376398870897578e-06,0.0023227800288058,-0.019568458199501,0.0177171938121318,0.0023227887809014,0.0118502103365384,200.748082575183,253.06849737666653,332.85362830528845,2.804683655571309e-05
F,Fine Crackles,LUA,F_FC_LUA,-4.104614912332373e-06,0.0033729394845752,-0.0454758591949939,0.0369762741029262,0.0033729419820789,0.014532001201923,214.33020552647483,222.79577712235348,348.42379056490387,7.699920110790068e-06
M,Coarse Crackles,RLA,M_CC_RLA,1.6239265298208814e-07,0.0015612232126885,-0.0168006215244531,0.0164684280753135,0.0015612232211342,0.0350285456730769,392.59289253352784,302.3733649752665,653.0357947716346,1.4895274192357196e-05
M,Coarse Crackles,RLA,M_CC_RLA,-8.015052240410218e-07,0.0009836130248339,-0.0132625428959727,0.0161151532083749,0.0009836133513904,0.0304424579326923,376.951062898532,329.4051915857809,659.8270357572115,1.7791374845116236e-05
M,Coarse Crackles,RLA,M_CC_RLA,7.812395082625684e-07,0.0010469285808113,-0.0095924008637666,0.0103992745280265,0.0010469288722997,0.03310546875,383.1028434259495,301.7334312955015,648.2322340745193,1.2375541520975469e-05
M,Coarse Crackles,RLA,M_CC_RLA,-9.206709908433912e-07,0.0013595737612227,-0.0152632016688585,0.0189568065106868,0.0013595740729509,0.0372408353365384,421.48036775915466,295.204426403391,704.3013822115385,7.701293467781072e-06
M,Coarse Crackles,RLA,M_CC_RLA,5.474191742491688e-07,0.0007143838929767,-0.0095836091786623,0.0099028721451759,0.0007143841027153,0.0289588341346153,356.64067735585905,324.52435433588005,635.7264122596154,1.761562838609014e-05
F,Rhonchi,RLA,F_R_RLA,-6.16398997899922e-07,0.0008482364092276,-0.0048913666978478,0.0042099473066627,0.0008482366331909,0.0302321213942307,359.4771125122222,281.66002614891084,591.0036057692307,1.0877940011935949e-05
F,Rhonchi,RLA,F_R_RLA,1.619394728768714e-07,0.0005130807011832,-0.0031299269758164,0.00348403560929,0.0005130807267391,0.0304649939903846,368.01741522206765,349.72902913926225,630.6743915264423,4.721733327532682e-05
F,Rhonchi,RLA,F_R_RLA,-8.137649164018306e-07,0.0004517556345951,-0.0027218423783779,0.0031025046482682,0.0004517563675276,0.0300443209134615,374.217418259102,331.1058086068246,623.3034104567307,3.759878159474556e-05
F,Rhonchi,RLA,F_R_RLA,4.956599685841232e-07,0.0005768094887592,-0.0032509050797671,0.0057803527452051,0.0005768097017227,0.0273662860576923,344.284842026841,307.4934056494919,598.4574068509615,3.027636610907797e-05
F,Rhonchi,RLA,F_R_RLA,-4.58745854941817e-07,0.0002647664469226,-0.0018929423531517,0.0021357161458581,0.0002647668443438,0.0240271935096153,318.166957767607,330.14509018991254,600.2794471153846,1.9347794447296868e-05
F,Wheezing,RUA,F_W_RUA,-3.418803853306525e-07,0.001214944887315,-0.0055536460131406,0.005949018523097,0.0012149449354168,0.014287860576923,218.0168840664585,249.06321030811043,353.0617112379808,6.622284288442433e-06
F,Wheezing,RUA,F_W_RUA,-3.206136302146156e-07,0.0015701855462255,-0.0062021673657,0.006277562584728,0.0015701855789583,0.0233248197115384,291.44385043172764,251.6585606362109,438.4491436298077,1.1861686842761737e-05
F,Wheezing,RUA,F_W_RUA,5.519069751438248e-08,0.0009663503188534,-0.0056448467075824,0.0072987377643585,0.0009663503204295,0.0210186298076923,289.80518478528205,284.3983770259403,476.54634915865387,1.9225934529392575e-05
F,Wheezing,RUA,F_W_RUA,5.798101833427465e-07,0.0020320730213956,-0.0085514020174741,0.008980369195342,0.002032073104114,0.0231144831730769,292.2332979462743,247.59376222619093,418.0754206730769,3.135236267077951e-05
F,Wheezing,RUA,F_W_RUA,-8.249502108181e-07,0.0015195293911784,-0.0097715901210904,0.011499959975481,0.0015195296151105,0.0207632211538461,278.96430435492505,259.3693022704812,450.0439453125,1.672561917024683e-05
M,Pleural Rub,LLA,M_PR_LLA,1.274791016978032e-06,0.0008541113216338,-0.0071521955542266,0.0065474566072225,0.0008541122729683,0.0263221153846153,343.42204826422443,345.3167509333126,611.1288686899038,0.0001206907470189
M,Pleural Rub,LLA,M_PR_LLA,-6.790232893759334e-07,0.0007878958143227,-0.0059540229849517,0.0056954608298838,0.0007878961069201,0.0244065504807692,318.9104939026145,310.08604153431145,542.1397986778846,2.205440781382353e-05
M,Pleural Rub,LLA,M_PR_LLA,-2.569832843712717e-07,0.0008030308372502,-0.0065517667680978,0.0061788707971572,0.0008030308783696,0.02666015625,334.70974126120586,313.85655687529106,586.6141451322115,1.4164855258388792e-05
M,Pleural Rub,LLA,M_PR_LLA,4.4458377721975573e-07,0.0009845996320927,-0.0070021417923271,0.0061547011137008,0.0009845997324659,0.0359487680288461,399.5072608005473,294.0166834065358,618.9139498197115,2.079680047102272e-05
M,Pleural Rub,LLA,M_PR_LLA,-2.0758640637149815e-07,0.000378410181876,-0.0030440329574048,0.0027773808687925,0.0003784102388144,0.0219576322115384,313.62644152843893,349.87453772557774,589.6784855769231,3.30467793562366e-05
M,Pleural Rub,LMA,M_PR_LMA,1.7671113503206076e-06,0.0008507909400723,-0.0058897449634969,0.0064853308722376,0.0008507927752348,0.01826171875,271.2832584323068,320.1496948524344,458.9885066105769,3.315032750187827e-05
M,Pleural Rub,LMA,M_PR_LMA,-1.221075316528599e-06,0.0009221076053668,-0.0069758738391101,0.0075323851779103,0.0009221084138539,0.0168344350961538,255.52001397619895,297.8025669126316,419.5661808894231,1.1109911495617889e-05
M,Pleural Rub,LMA,M_PR_LMA,1.20437549435973e-06,0.0009112357946094,-0.0058848913758993,0.0073486929759383,0.0009112365905174,0.018975360576923,272.2868356133712,303.5640500574863,435.13634314903845,1.6148227808379083e-05
M,Pleural Rub,LMA,M_PR_LMA,1.478438453964919e-06,0.0009184581436851,-0.0064054308459162,0.0079943761229515,0.0009184593336026,0.0192833533653846,290.2983380682839,317.6928469184814,479.11376953125,4.863892679049378e-05
M,Pleural Rub,LMA,M_PR_LMA,-3.65299851484332e-06,0.0008458747448795,-0.006309401243925,0.0067943194881081,0.0008458826327707,0.018359375,260.38203828384104,299.0715629224811,416.9159405048077,3.3712207621725285e-05
M,Rhonchi,RUA,M_R_RUA,1.4924257384618524e-06,0.0014256141879713,-0.0101181725040078,0.0088204834610223,0.0014256149691552,0.0193021334134615,272.14452023153297,272.6786094516029,456.2554462139423,3.397993357889106e-05
M,Rhonchi,RUA,M_R_RUA,2.4480889025745718e-06,0.0010331160414683,-0.0054007340222597,0.0051640104502439,0.0010331189419803,0.0113731971153846,211.80103139218863,296.53863113778186,352.8960712139423,0.0001048006949364
M,Rhonchi,RUA,M_R_RUA,-3.793006024157272e-06,0.001349024754926,-0.0056171929463744,0.0051467297598719,0.0013490300872471,0.0182729867788461,270.8033450333521,279.70085835219976,451.9488055889423,0.0001137957681423
M,Rhonchi,RUA,M_R_RUA,2.2169409977754115e-06,0.0011303220017949,-0.006185146048665,0.0047663832083344,0.0011303241758757,0.012109375,218.1710099451524,279.7278812029123,364.07677283653845,2.9266495041274413e-05
M,Rhonchi,RUA,M_R_RUA,2.098378959698433e-06,0.0013113011062306,-0.0053194374777376,0.0075512919574975,0.0013113027851705,0.0157264122596153,220.1694739640899,241.7452791073685,358.8591120793269,2.8580325712300665e-06
M,Fine Crackles,RUA,M_FC_RUA,-2.348652641195861e-06,0.0011232458984322,-0.007262694183737,0.0081668067723512,0.0011232483538889,0.0154221754807692,221.34426446887883,269.77407577835675,338.0712890625,6.569536754609845e-06
M,Fine Crackles,RUA,M_FC_RUA,3.449106310088373e-06,0.0009340554103815,-0.004825678654015,0.0045366324484348,0.0009340617784693,0.0202749399038461,290.3807390401114,262.7269553259733,490.46011117788464,2.3650284166553515e-06
M,Fine Crackles,RUA,M_FC_RUA,-4.85511367540969e-07,0.0010990355964109,-0.0064444127492606,0.0068912408314645,0.001099035703651,0.0185922475961538,268.1726984114573,282.692590628096,420.4772010216346,4.253869036926596e-05
M,Fine Crackles,RUA,M_FC_RUA,7.239125371403217e-08,0.0006678890040843,-0.0035591181367635,0.0036712931469082,0.0006678890080075,0.019384765625,288.54503211580425,312.95000367260724,488.7208909254808,8.353194773951687e-05
M,Fine Crackles,RUA,M_FC_RUA,-1.3519617531860675e-06,0.0010675697244847,-0.0060163056477904,0.0073643787764012,0.0010675705805411,0.0213078425480769,285.38429007802125,287.6581873574331,458.82286658653845,9.818274843023174e-06
M,Rhonchi,LUA,M_R_LUA,4.854647631488406e-07,0.000613090760317,-0.0029496196657419,0.0029972158372402,0.0006130909525202,0.0212965745192307,309.8264935558728,308.35648631243464,583.8810847355769,1.4327355688288285e-05
M,Rhonchi,LUA,M_R_LUA,-5.394885684738176e-07,0.000522474484211,-0.0020853271707892,0.0018878933042287,0.0005224747627393,0.0187612680288461,272.870220821018,314.7155369865431,518.2048152043269,2.5130777513355157e-05
M,Rhonchi,LUA,M_R_LUA,-2.879735104672263e-07,0.0006522341053846,-0.0030510008800774,0.0033066682517528,0.0006522341689574,0.0289475661057692,366.88684800625344,331.4917321499405,669.4341571514423,6.520239877369415e-05
M,Rhonchi,LUA,M_R_LUA,-1.4057571614306412e-06,0.0011873108721455,-0.0070348801091313,0.0066262101754546,0.0011873117043423,0.009307391826923,202.06383644263937,296.5412111914156,389.6681565504808,5.909423755118372e-05
M,Rhonchi,LUA,M_R_LUA,6.663598702091179e-07,0.0022198876070693,-0.0193855091929435,0.0204841122031211,0.0022198877070823,0.0225060096153846,305.819423457145,277.85588827108444,553.8174203725962,4.553339164581456e-05
F,Pleural Rub,LMA,F_PR_LMA,3.908848013640732e-06,0.0030529249143085,-0.0189410764724016,0.0177022516727447,0.003052927416677,0.0124924879807692,222.21258503964924,256.1885651738104,376.25131460336536,0.0001149147965388
F,Pleural Rub,LMA,F_PR_LMA,3.52259451485674e-06,0.0028889485907632,-0.0159173049032688,0.017737578600645,0.0028889507383728,0.0121995192307692,208.4684747760108,254.93586722273807,335.33822866586536,9.493044549099011e-05
F,Pleural Rub,LMA,F_PR_LMA,-3.748991366839717e-06,0.002892755178037,-0.024976160377264,0.021388117223978,0.0028927576073699,0.0137582632211538,206.50287617931397,245.90616307438435,306.18558443509613,1.6496330781972196e-05
F,Pleural Rub,LMA,F_PR_LMA,-1.4321727916191e-06,0.0028719238726047,-0.0143659263849258,0.014904573559761,0.0028719242297031,0.0114933894230769,196.53184433469264,250.38569865315284,310.9063251201923,4.8049850729380056e-05
F,Pleural Rub,LMA,F_PR_LMA,5.800810859996994e-06,0.0029672517308344,-0.017387755215168,0.0273231398314237,0.0029672574009591,0.0123685396634615,198.5108973057776,241.1085060019361,317.20064603365387,6.2664888385092e-05
F,Coarse Crackles,LMA,F_CC_LMA,-3.214630185563884e-06,0.0024483295605313,-0.0184014271944761,0.0195732191205024,0.0024483316709177,0.0174466646634615,286.59729916361385,293.9106541505364,526.6524564302885,1.947557923782961e-05
F,Coarse Crackles,LMA,F_CC_LMA,-5.9446247605448e-06,0.0020935698652409,-0.0223479960113763,0.014985985122621,0.0020935783050099,0.0097768930288461,200.89102148875835,266.7968593197638,312.64554537259613,4.491743190299697e-05
F,Coarse Crackles,LMA,F_CC_LMA,3.1280866777343966e-06,0.0023446230851236,-0.0224589295685291,0.030536875128746,0.0023446251717962,0.0146747295673076,251.84650428268915,275.7298503086048,431.0781625600961,2.22931086756561e-05
F,Coarse Crackles,LMA,F_CC_LMA,3.872664261288843e-06,0.0019334076703607,-0.0164933558553457,0.0142777413129806,0.0019334115488788,0.0105205829326923,212.25636963103085,264.008295127784,377.90771484375,7.109282908777487e-06
F,Coarse Crackles,LMA,F_CC_LMA,-6.256684538952651e-06,0.0023922877026085,-0.0200144723057746,0.0190527196973562,0.0023922958843239,0.0157865084134615,233.61791193937933,235.34968462730416,372.4415940504808,1.3202997697261929e-06
F,Coarse Crackles,RLA,F_CC_RLA,-5.834803325516976e-07,0.0006574103533497,-0.0030410271137952,0.0032415310852229,0.0006574106122818,0.0209547776442307,330.4013115173531,341.2924441645896,647.8181340144231,5.99424371745711e-05
F,Coarse Crackles,RLA,F_CC_RLA,1.6368805638788274e-07,0.0003554018644225,-0.0026780238840729,0.0032997792586684,0.0003554019021176,0.0256497896634615,356.79081637697027,357.479675965692,668.2746769831731,6.837189505234485e-05
F,Coarse Crackles,RLA,F_CC_RLA,4.181548912628849e-08,0.0003973983971478,-0.0039533288218081,0.0029162866994738,0.0003973983993477,0.0318734975961538,390.34684667124594,360.60242296130144,697.67578125,0.0001318089745738
F,Coarse Crackles,RLA,F_CC_RLA,-2.70282532246525e-07,0.0003388146908718,-0.0028108404949307,0.0044052843004465,0.0003388147986779,0.0277794471153846,375.8787666870229,365.1168934297152,686.4122596153846,6.227908279126041e-05
F,Coarse Crackles,RLA,F_CC_RLA,1.678224106408221e-07,0.0003546866110703,-0.0032157800160348,0.0031083566136658,0.0003546866507735,0.0308180588942307,384.59901245470826,342.3693424932376,678.1302584134615,3.762167480105204e-05
M,Fine Crackles,RLA,M_FC_RLA,-2.044580769266258e-06,0.005704694667089,-0.048278871923685,0.0563675090670585,0.0057046950334811,0.0142728365384615,252.1201666402296,285.80510967752514,512.490234375,1.9744085629720253e-05
M,Fine Crackles,RLA,M_FC_RLA,-1.2618905131599115e-06,0.0007140328249968,-0.0030228712130337,0.0034133966546505,0.0007140339400481,0.0189678485576923,292.81067454605204,315.5964431795257,564.7496619591346,5.424460994813485e-05
M,Fine Crackles,RLA,M_FC_RLA,1.9013843734116037e-06,0.0009272417255097,-0.0055687027052044,0.0056391116231679,0.0009272436749791,0.0311298076923076,383.05464490918575,317.83682159477206,658.5847355769231,7.167827228429145e-05
M,Fine Crackles,RLA,M_FC_RLA,-9.286072924135249e-08,0.0005783607863042,-0.0040461774915456,0.0036159269511699,0.000578360793759,0.02021484375,304.7023653123361,318.151017204623,579.4916240985577,0.0001223154719893
M,Fine Crackles,RLA,M_FC_RLA,-3.275469661134982e-07,0.0007605116149637,-0.0051576984114944,0.0062361592426896,0.0007605116854998,0.0381573016826923,424.0967090290572,290.13707220190474,671.0905573918269,1.6750229762472124e-05
F,Coarse Crackles,RMA,F_CC_RMA,-2.1350278916560363e-06,0.0043431778216531,-0.019824881106615,0.025337990373373,0.0043431783464237,0.0060171274038461,165.05636480619177,254.65855901647592,308.6701847956731,5.712040872202784e-05
F,Coarse Crackles,RMA,F_CC_RMA,1.874754080571409e-07,0.0025810327164832,-0.0148781258612871,0.0101651409640908,0.0025810327232919,0.0092810997596153,230.9810249100217,297.6274784518212,449.2985652043269,0.0001427893409006
F,Coarse Crackles,RMA,F_CC_RMA,1.157159496123439e-06,0.0029998668015731,-0.020598966628313,0.0224108770489692,0.0029998670247527,0.007744891826923,177.38826138378533,258.23937280666735,281.8365009014423,4.446177029748737e-05
F,Coarse Crackles,RMA,F_CC_RMA,-2.975226723215383e-06,0.0030022661116593,-0.0234213657677173,0.0216540768742561,0.0030022675858744,0.0152944711538461,296.13840293131204,323.4290147317606,585.6203049879807,8.8647737501757e-05
F,Coarse Crackles,RMA,F_CC_RMA,6.794848294670805e-06,0.0030933187548279,-0.0218959748744964,0.0253281332552433,0.0030933262176714,0.0078162560096153,161.0457728822624,232.74036071028016,253.5120567908654,7.520800290211807e-05
M,Wheezing,RLA,M_W_RLA,-2.097290348738871e-06,0.007353223223309,-0.0266848690807819,0.0272932089865207,0.0073532235224041,0.0194185697115384,259.722331880938,235.4803134198928,438.5319636418269,0.0001025001963277
M,Wheezing,RLA,M_W_RLA,-7.724203723704531e-07,0.0045255626325608,-0.0258207526057958,0.0233792103826999,0.004525562698479,0.01328125,218.7918575013436,245.71776870958973,380.8892352764423,0.000161225603727
M,Wheezing,RLA,M_W_RLA,3.036816207183557e-07,0.0060394454119295,-0.0234495587646961,0.0245911441743373,0.0060394454195645,0.0239107572115384,319.9115483894665,242.227225795122,500.4813326322116,7.764579889250564e-05
M,Wheezing,RLA,M_W_RLA,2.25527367326658e-06,0.0046628632175639,-0.0299579352140426,0.0285704880952835,0.0046628637629648,0.0154710036057692,232.3052835902323,241.195587290994,398.86117788461536,5.981415696679576e-05
M,Wheezing,RLA,M_W_RLA,8.009385014382611e-07,0.0063799788125976,-0.0391912907361984,0.046770840883255,0.0063799788628723,0.0200383112980769,253.308590425793,216.83951115552836,397.6188777043269,4.182535994041443e-05
M,Rhonchi,RLA,M_R_RLA,2.311992459400627e-07,0.0005164791326563,-0.0022976538166403,0.002414753427729,0.0005164791844038,0.0164100060096153,276.589097340542,325.4449190083697,577.5039438100962,1.3265499144092907e-05
M,Rhonchi,RLA,M_R_RLA,7.021566958708384e-07,0.0004968528544857,-0.0022370661608874,0.0022898893803358,0.0004968533506323,0.02578125,337.2605566858605,315.1432579090493,619.6593299278846,1.4207030145061384e-05
M,Rhonchi,RLA,M_R_RLA,-7.295758210789784e-07,0.00033568264394,-0.0016973741585388,0.0013437320012599,0.0003356834367725,0.0230205829326923,318.2077018580689,332.1569801745779,608.3958082932693,1.935556827611614e-05
M,Rhonchi,RLA,M_R_RLA,8.707144157282361e-07,0.0005334979841574,-0.0032970432657748,0.0041264868341386,0.0005334986946972,0.0299015925480769,368.006914956452,322.0704436278766,643.0973933293269,4.388135792487304e-05
M,Rhonchi,RLA,M_R_RLA,-7.692746015779949e-07,0.0003699791545962,-0.0026109204627573,0.0024152151308953,0.0003699799543477,0.0209322415865384,310.342822026489,339.72750593795064,607.6504281850962,4.04129566428992e-05
F,Fine Crackles,RLA,F_FC_RLA,-7.345550469298286e-06,0.0043244960604675,-0.0426353067159652,0.03182028606534,0.0043245022990063,0.0155649038461538,241.6625880430336,254.05280687415407,453.1911057692308,2.3432947839071477e-05
F,Fine Crackles,RLA,F_FC_RLA,4.2191618186395645e-06,0.0023885153628455,-0.0104295145720243,0.0111065618693828,0.0023885190892843,0.0095252403846153,158.66721870959827,200.3021149813845,245.3956956129808,2.56963216534368e-06
F,Fine Crackles,RLA,F_FC_RLA,9.85254684079668e-07,0.0026990481835839,-0.0150172030553221,0.0134136211127042,0.0026990483634115,0.0180588942307692,264.49304508200305,244.89267054054503,482.4265700120192,1.291151167400418e-05
F,Fine Crackles,RLA,F_FC_RLA,-1.0605981560351463e-06,0.0035872350594707,-0.026447806507349,0.027898296713829,0.0035872352162583,0.0099759615384615,166.9589387568615,207.83879642066256,253.18077674278845,1.3662046775379006e-05
F,Fine Crackles,RLA,F_FC_RLA,2.129071522475713e-06,0.0034633091046015,-0.0187837034463882,0.0168760959059,0.0034633097590255,0.014483173076923,228.18509184946333,237.08199988494383,441.4306640625,5.400429772622208e-06
M,Normal,RMA,M_N_RMA,-1.67868629038037e-06,0.0013739086887979,-0.011970916762948,0.0126590281724929,0.0013739097143342,0.0273324819711538,351.7825803477271,297.82095228161967,604.8345477764423,1.951162616066545e-05
M,Normal,RMA,M_N_RMA,1.0010083835261037e-06,0.0017095093809234,-0.0080223195254802,0.0070578181184828,0.0017095096739951,0.0432016225961538,470.86181661049255,275.9125663839713,670.6764573317307,2.4769930249800567e-05
M,Normal,RMA,M_N_RMA,-1.2892739501207736e-06,0.0011379456890094,-0.006897572427988,0.0062010106630623,0.0011379464193724,0.0259840745192307,352.9726434292716,304.20375544360746,590.5066856971154,4.548080312677289e-05
M,Normal,RMA,M_N_RMA,2.2592889849679143e-06,0.0020470052865891,-0.0082199545577168,0.0086799971759319,0.0020470065333824,0.0438889723557692,477.2545533757146,262.87239923208625,662.8085561899038,5.2375726713585954e-05
M,Normal,RMA,M_N_RMA,-1.7927652476477084e-06,0.0013281167841796,-0.0088170915842056,0.0072394968010485,0.0013281179941657,0.0281700721153846,358.1424259683042,291.7499682151154,603.5094275841346,2.794274917191117e-05
M,Rhonchi,LMA,M_R_LMA,-1.6262491995626067e-06,0.0068753401660468,-0.036025408655405,0.0350658521056175,0.0068753403583782,0.0220402644230769,267.48924003892915,220.3236755414678,409.62777944711536,3.073636353527659e-05
M,Rhonchi,LMA,M_R_LMA,-4.005300934948595e-06,0.0042478009685081,-0.0247905105352401,0.0218865368515253,0.0042478028568301,0.0097768930288461,171.55423113452665,223.00688961663025,246.0582557091346,2.283320188840746e-05
M,Rhonchi,LMA,M_R_LMA,9.289176629979684e-06,0.0044077449291336,-0.0232634879648685,0.0198078863322734,0.004407754717439,0.0177095853365384,238.23628169867308,242.8188936571938,370.1226337139423,5.502286848100554e-05
M,Rhonchi,LMA,M_R_LMA,-8.455269594333793e-06,0.0042545510694505,-0.0232785623520612,0.024677887558937,0.0042545594712198,0.01396484375,218.92429622119775,242.11688956377893,350.57711087740387,9.046851233610788e-05
M,Rhonchi,LMA,M_R_LMA,3.540254216625349e-06,0.0037271932826618,-0.0247196685522794,0.0282500274479389,0.003727194964007,0.0139197716346153,191.37246847428503,215.34364141467097,282.49906099759613,4.6531350596772506e-05
F,Coarse Crackles,LLA,F_CC_LLA,5.632071705483226e-07,0.0008935042556222,-0.0043991636484861,0.0040236320346593,0.0008935044331268,0.0127892127403846,241.23129162572175,293.3449961805995,487.31295072115387,3.749220425590458e-06
F,Coarse Crackles,LLA,F_CC_LLA,-7.651485068843473e-07,0.0007106380678933,-0.0046884752810001,0.0031086509115993,0.0007106384798133,0.0117826021634615,254.22500760734687,325.4044896812701,520.8550555889423,9.83351874364645e-06
F,Coarse Crackles,LLA,F_CC_LLA,7.549623635154085e-07,0.0008037288668924,-0.00506825838238,0.0056910021230578,0.0008037292214697,0.0156775841346153,257.018274537765,302.10927052948546,508.84615384615387,9.34059405694144e-06
F,Coarse Crackles,LLA,F_CC_LLA,-4.6053846598970455e-08,0.0007479814796559,-0.0037647737190127,0.0041441330686211,0.0007479814810737,0.0159630408653846,276.25763123146965,304.7067937715357,543.0508188100962,4.782924677802279e-06
F,Coarse Crackles,LLA,F_CC_LLA,-1.4715847609599994e-07,0.0008966397714607,-0.0077854255214333,0.0072681037709116,0.0008966397835367,0.0141338641826923,241.74626652121552,293.5559448034292,464.1233473557692,1.3669873169789278e-05
F,Rhonchi,LMA,F_R_LMA,-2.5381225394701003e-06,0.0044376754052249,-0.0235901772975921,0.0279359631240367,0.0044376761310628,0.0092848557692307,172.79439169396397,223.7773212632272,309.7468449519231,6.276277326903724e-05
F,Rhonchi,LMA,F_R_LMA,1.0993717420365427e-05,0.003548149143229,-0.0270955711603164,0.0232961289584636,0.0035481661748599,0.0079965444711538,155.06504278171963,215.1617626215942,258.0671574519231,9.73342229274329e-06
F,Rhonchi,LMA,F_R_LMA,-5.014490035891118e-06,0.0031036424036639,-0.0207212679088115,0.0194345861673355,0.0031036464545646,0.008282001201923,146.0331095047462,212.13092475258125,230.57091346153845,1.7955694554826762e-05
F,Rhonchi,LMA,F_R_LMA,6.737481178971446e-06,0.0030252243811283,-0.014195317402482,0.0161136724054813,0.0030252318836456,0.0085073617788461,169.29594422095695,230.5641853891111,290.7810621995192,3.925585237399565e-06
F,Rhonchi,LMA,F_R_LMA,-4.268884920428974e-06,0.0032611263490589,-0.0168499089777469,0.0198099389672279,0.003261129143089,0.0070575420673076,131.9023391887066,200.4716417436596,214.66947115384616,1.09839166695679e-05
F,Normal,LLA,F_N_LLA,-6.956257187807211e-07,0.0016138313517766,-0.0067796809598803,0.0057759843766689,0.0016138315016979,0.0139385516826923,227.05783562047895,264.86584744812507,404.4101186899039,8.916784244156556e-05
F,Normal,LLA,F_N_LLA,1.2431793428342126e-07,0.001760530818401,-0.0091413352638483,0.0100128529593348,0.0017605308227903,0.0221379206730769,305.8217684849069,289.04349874514253,582.9700646033654,1.943632739681236e-05
F,Normal,LLA,F_N_LLA,-7.68159053813435e-06,0.002661294882995,-0.0192798003554344,0.0213252566754817,0.0026613059690852,0.0166616586538461,252.00741690917368,286.61884188035845,439.0288837139423,6.825349047459217e-05
F,Normal,LLA,F_N_LLA,2.3094535265934684e-05,0.002248570000278,-0.0197459980845451,0.0195424780249595,0.0022486885964289,0.0177283653846153,272.33966573952864,294.8704509669429,495.8434119591346,3.096304405916251e-05
F,Normal,LLA,F_N_LLA,-1.6161067165906314e-05,0.0022390109118316,-0.0185257103294134,0.0133343897759914,0.0022390692359534,0.0163762019230769,239.4551778087777,267.64739846995093,414.2657001201923,6.528969621769692e-06
M,Wheezing,RUA,M_W_RUA,5.955137656109141e-06,0.0031950419938557,-0.0138617372140288,0.0180655568838119,0.0031950475436472,0.011992938701923,225.21011764804828,264.11828597710195,426.4402418870192,7.673681351184601e-05
M,Wheezing,RUA,M_W_RUA,2.2949351744473932e-08,0.0023039268331044,-0.0092784203588962,0.0090573672205209,0.0023039268332187,0.0182692307692307,269.266585881036,273.5362113680151,472.7366286057692,8.724667170654226e-05
M,Wheezing,RUA,M_W_RUA,-3.5807828875530464e-06,0.0022577814054923,-0.0118430610746145,0.011627098545432,0.0022577842450051,0.0156512920673076,248.2808517849344,267.387427008351,456.00698617788464,1.940789130654107e-05
M,Wheezing,RUA,M_W_RUA,4.644476485899885e-06,0.002116928048826,-0.0133328652009367,0.0124286087229847,0.0021169331437407,0.0124624399038461,218.2717613613857,255.70867191529052,404.6585787259616,2.0262758396665824e-06
M,Wheezing,RUA,M_W_RUA,-2.432684953378525e-06,0.0023857102297835,-0.0139208193868398,0.0140771931037306,0.0023857114700755,0.0173940805288461,257.37371640050884,249.97935326975627,474.8899489182692,1.959802206509223e-06
M,Normal,LMA,M_N_LMA,-5.987450817453999e-06,0.0113710294091291,-0.176787868142128,0.1913767457008361,0.0113710309854844,0.0149151141826923,227.02249334772145,242.05698551795172,402.17397836538464,2.338765493041845e-05
M,Normal,LMA,M_N_LMA,1.1869410588841592e-05,0.0052245006459699,-0.0364249087870121,0.0396068505942821,0.0052245141288591,0.0140362079326923,223.21021022800517,234.1758932952295,424.36974158653845,7.728870145384877e-06
M,Normal,LMA,M_N_LMA,-1.0887898773949971e-05,0.0062777281406625,-0.0254611074924469,0.0287250336259603,0.0062777375824739,0.0086350661057692,163.5519437841916,203.35182311472255,295.2533428485577,9.977098269489744e-06
M,Normal,LMA,M_N_LMA,2.519185811887303e-06,0.0076743378583633,-0.0526582524180412,0.0543174371123313,0.0076743382718385,0.0138521634615384,242.8949856112929,255.47123711089117,498.49365234375,5.7082737895357625e-06
M,Normal,LMA,M_N_LMA,-6.936253117011323e-06,0.0057773792197909,-0.0289987046271562,0.0295092407613992,0.0057773833835811,0.0081242487980769,156.06448310864485,202.26716023749864,294.34232271634613,1.2428015501711158e-06
F,Pleural Rub,LLA,F_PR_LLA,2.1036997846091157e-06,0.0011926955549408,-0.0058557530865073,0.0055810781195759,0.0011926974102128,0.0137920673076923,246.2474236710068,306.2066906426264,473.4820087139423,0.0001047665799189
F,Pleural Rub,LLA,F_PR_LLA,-1.7901940753418412e-07,0.0010269228898426,-0.0059923571534454,0.0065787285566329,0.0010269229054464,0.0154935396634615,238.1397123007457,299.37305789635286,438.1178635817308,2.3069742350735512e-05
F,Pleural Rub,LLA,F_PR_LLA,3.07420950851469e-06,0.0012844978383609,-0.0077862190082669,0.0084743257611989,0.0012845015171333,0.0148813100961538,228.4976281979595,281.89806967075964,392.06993689903845,1.1889326868981964e-05
F,Pleural Rub,LLA,F_PR_LLA,-3.3380881601179507e-06,0.0017077586041282,-0.0135192554444074,0.0108053795993328,0.0017077618665395,0.008867938701923,198.5308954561022,287.69054785127764,384.86459585336536,5.853325976071253e-05
F,Pleural Rub,LLA,F_PR_LLA,5.320475680664891e-07,0.0015013678550745,-0.0076009235344827,0.0061710723675787,0.0015013679493467,0.0104942908653846,212.6119569051748,278.56435470351204,400.6003981370192,2.755970564588334e-05
M,Wheezing,RMA,M_W_RMA,7.29778368591024e-07,0.003048469110184,-0.0141977556049823,0.0150720113888382,0.0030484691975354,0.0257436899038461,326.66184597481043,245.79715576481308,539.40673828125,2.263419120646401e-05
M,Wheezing,RMA,M_W_RMA,-9.14712850066382e-07,0.0017534034297903,-0.0100052189081907,0.0101791126653552,0.0017534036683832,0.020068359375,298.04992118337424,294.54916863600147,510.1712740384616,3.759702981069738e-05
M,Wheezing,RMA,M_W_RMA,-3.111911212143493e-07,0.0033086679432431,-0.0147869577631354,0.0148777887225151,0.0033086679578774,0.0294809194711538,358.0168167148812,224.8711763871984,543.1336388221154,1.3082970878024266e-05
M,Wheezing,RMA,M_W_RMA,2.1754427624544576e-06,0.0019461282055689,-0.0110069895163178,0.0103699453175067,0.0019461294214574,0.0249248798076923,339.63193803088,272.6108030559168,572.4519230769231,5.706859436130092e-05
M,Wheezing,RMA,M_W_RMA,-4.982294309718937e-06,0.0025474261136233,-0.0114681394770741,0.0116431061178445,0.0025474309858418,0.0270470252403846,354.578752203596,259.2063020745517,571.2924429086538,6.515308209157242e-05
M,Pleural Rub,RUA,M_PR_RUA,1.1727138719759398e-06,0.004266675566178,-0.0322869084775447,0.0345124304294586,0.0042666757273407,0.0088979867788461,172.19128251824984,232.77175350963932,287.88236177884613,5.546235843382782e-05
M,Pleural Rub,RUA,M_PR_RUA,-4.644467127618747e-07,0.0018359834253357,-0.0122128184884786,0.0116316685453057,0.001835983484081,0.0118051382211538,195.2427655951423,247.302077270366,300.1397235576923,6.47700359828634e-06
M,Pleural Rub,RUA,M_PR_RUA,-2.6212577164134056e-06,0.0019461357811986,-0.0127343600615859,0.0123029183596372,0.0019461375464888,0.0145244891826923,217.1364740199878,265.55657337172886,329.4580078125,1.2503228668883943e-05
M,Pleural Rub,RUA,M_PR_RUA,7.797498837274761e-07,0.0016120784831138,-0.0102207008749246,0.0114146992564201,0.0016120786716933,0.017217548076923,248.3331948545633,272.9426080407949,394.1404371995192,5.103377471806957e-05
M,Pleural Rub,RUA,M_PR_RUA,1.0013821372871522e-06,0.0019423377305346,-0.0169690586626529,0.0213815812021493,0.0019423379886684,0.0109525240384615,194.20482135784928,259.8983737576507,311.2376051682692,7.426443885317748e-05
M,Wheezing,LLA,M_W_LLA,7.694925311319497e-06,0.0027494518106444,-0.0094326538965106,0.0112907439470291,0.0027494625785654,0.0195688100961538,264.65823791820105,252.40782541891969,451.2034254807692,4.314138331266062e-05
M,Wheezing,LLA,M_W_LLA,-2.0459689004793514e-06,0.0017718892034186,-0.0086664874106645,0.0090916929766535,0.0017718903846402,0.0165001502403846,247.01521391419803,281.09947238479305,385.7756159855769,0.0001166401703405
M,Wheezing,LLA,M_W_LLA,5.376074056687342e-07,0.0024211390777008,-0.0108517101034522,0.0107769882306456,0.0024211391373879,0.0234074519230769,298.3811841394617,238.6488742250359,461.5559269831731,0.0001375478718886
M,Wheezing,LLA,M_W_LLA,1.3170758658599105e-06,0.0020820704788676,-0.0094899227842688,0.0101307034492492,0.0020820708954454,0.0185096153846153,250.87053204779644,245.7428665965248,389.0884164663461,1.9651505422909077e-05
M,Wheezing,LLA,M_W_LLA,-1.276622052931928e-06,0.0028272421365891,-0.0117166368290781,0.0114476876333355,0.0028272424248141,0.0221041165865384,280.04765740766925,217.97778735720368,396.0452974759616,2.02359269998706e-05
M,Rhonchi,LLA,M_R_LLA,-9.614976498663344e-07,0.0033237411732235,-0.0116437608376145,0.0108322482556104,0.0033237413122954,0.0103365384615384,168.8788591881736,208.04333821656616,269.1650390625,5.817419640841299e-06
M,Rhonchi,LLA,M_R_LLA,-3.607090345026484e-06,0.0018340304030026,-0.0084863118827342,0.008851789869368,0.0018340339501325,0.0131535456730769,178.99806395341767,217.1253610021977,275.5421799879808,1.3492834627005605e-06
M,Rhonchi,LLA,M_R_LLA,4.832689731976185e-07,0.0016250805476607,-0.0087743364274501,0.0065465969964861,0.0016250806195183,0.0177133413461538,233.06496287678883,220.83158534555204,363.0829326923077,1.6260322734804393e-06
M,Rhonchi,LLA,M_R_LLA,4.475677943760663e-07,0.0013592619995339,-0.0057688816450536,0.0086956396698951,0.0013592620732198,0.0121807391826923,186.8402430076904,250.82200238978672,267.92273888221155,2.0736308720618432e-05
M,Rhonchi,LLA,M_R_LLA,-1.9784649589503057e-08,0.0021867647834477,-0.013217432424426,0.0156382638961076,0.0021867647835372,0.0183969350961538,240.17472688343256,223.6646251049686,373.02133413461536,2.5887474855339587e-05
F,Normal,RLA,F_N_RLA,4.380034302030102e-06,0.0053950971498242,-0.0224603228271007,0.0305549278855323,0.0053950989277993,0.0129169170673076,207.15898472407017,239.38225442541395,349.00353064903845,0.0001037275446536
F,Normal,RLA,F_N_RLA,-1.7381416822768071e-06,0.0022189946771965,-0.0130917839705944,0.0132540259510278,0.0022189953579409,0.0258526141826923,327.76499759041934,302.6321859092924,576.1788236177885,0.0001250530212377
F,Normal,RLA,F_N_RLA,-4.636692374374753e-07,0.0018446478007422,-0.0117577407509088,0.012217978015542,0.001844647859016,0.0215106670673076,291.89413004549226,297.6530642063892,495.3464918870192,4.811597837003291e-05
F,Normal,RLA,F_N_RLA,2.60858542400867e-06,0.0027370014565844,-0.0263606086373329,0.0302533097565174,0.0027370026996814,0.0235088641826923,305.63233538307566,288.0355041083947,517.87353515625,8.28355187883881e-05
F,Normal,RLA,F_N_RLA,-2.6222271915414414e-06,0.0033716775386103,-0.0347958505153656,0.0323521792888641,0.0033716785582918,0.0206618088942307,276.4614989224134,264.02212052349137,479.11376953125,3.5454351549542773e-06
M,Coarse Crackles,LMA,M_CC_LMA,6.520581497000009e-07,0.0035402281806034,-0.0235461927950382,0.0255212038755416,0.0035402282406532,0.0110990084134615,216.60848270525145,254.5594564079224,374.5949143629808,7.255754683157235e-05
M,Coarse Crackles,LMA,M_CC_LMA,-1.07205361012527e-06,0.0025160402310736,-0.0223618149757385,0.0263597629964351,0.002516040459468,0.017041015625,255.74745292563543,274.80167014547715,394.4717172475961,2.810859132594085e-05
M,Coarse Crackles,LMA,M_CC_LMA,5.134871727550256e-07,0.0030173830000603,-0.0199095495045185,0.0184382610023021,0.003017383043752,0.008867938701923,199.9374748832272,257.2279982126228,359.6873121995192,3.559662446543644e-05
M,Coarse Crackles,LMA,M_CC_LMA,-2.6401826147630123e-06,0.0033873724423623,-0.0248628500849008,0.0327006913721561,0.0033873734712665,0.0116436298076923,196.82316535566943,226.7931784415924,319.35396634615387,2.5040632413611853e-05
M,Coarse Crackles,LMA,M_CC_LMA,2.6918371551796976e-06,0.0030319082079481,-0.021070497110486,0.0162813179194927,0.0030319094029028,0.0123948317307692,256.4795978539179,267.40836991043403,495.92623197115387,7.917383010159492e-05
M,Wheezing,LMA,M_W_LMA,1.1717462336834773e-05,0.0165340446163214,-0.1558554619550705,0.1918974965810775,0.0165340487683274,0.0191030649038461,250.1195688178855,222.0134904198888,390.82763671875,5.806266730989583e-05
M,Wheezing,LMA,M_W_LMA,-4.999182870941546e-06,0.0053447478284768,-0.0254846513271331,0.0223157107830047,0.0053447501664565,0.0194373497596153,273.69404658239,232.4332261565185,439.0288837139423,4.919791342192344e-05
M,Wheezing,LMA,M_W_LMA,4.8742082694118445e-06,0.0070915465609096,-0.0389802083373069,0.0352832898497581,0.0070915482359958,0.0220289963942307,273.9901482458714,213.3482518870936,407.8057391826923,1.0461629180375857e-05
M,Wheezing,LMA,M_W_LMA,-1.0430179409687063e-06,0.0057066829218344,-0.0299961231648921,0.0325321853160858,0.0057066830171513,0.0191631610576923,268.79328133807184,239.84034015158608,452.4457256610577,8.063981895243969e-05
M,Wheezing,LMA,M_W_LMA,1.0162299189376746e-06,0.004156682499258,-0.0213723666965961,0.0251199956983327,0.0041566826234825,0.0146747295673076,221.35483954759863,228.48024012255797,372.4415940504808,7.857696974555544e-05
F,Normal,RUA,F_N_RUA,-2.6125023142080797e-06,0.0039778492799621,-0.0325257740914821,0.0287632066756486,0.0039778501378588,0.0261868990384615,334.4623159807745,261.7449130469238,552.9064002403846,4.962235041866749e-06
F,Normal,RUA,F_N_RUA,7.01316476098064e-06,0.0079442235980781,-0.0470368713140487,0.0401386842131614,0.0079442266936902,0.0353703425480769,391.80367069412426,251.70485815547676,598.2089468149038,9.919684031420708e-06
F,Normal,RUA,F_N_RUA,-8.963527317742803e-06,0.0054420611039673,-0.031494878232479,0.0295568332076072,0.0054420684857998,0.0198692908653846,254.03568766898897,232.09291742231852,378.07335486778845,2.605467264556008e-05
F,Normal,RUA,F_N_RUA,6.224243245986857e-06,0.0060830010824308,-0.027313657104969,0.0290267281234264,0.0060830042668124,0.0337026742788461,382.6451170570816,265.0947425931468,579.9057241586538,2.6928294584726747e-05
F,Normal,RUA,F_N_RUA,4.392586857217985e-06,0.0051955911195747,-0.0254276990890502,0.0313093550503253,0.0051955929764198,0.0250638521634615,306.8452539905029,241.8760724670933,461.7215670072116,3.688333450774133e-05
M,Pleural Rub,RLA,M_PR_RLA,9.449581237013036e-06,0.0047471331311035,-0.0246304422616958,0.025342758744955,0.0047471425362007,0.0061485877403846,152.3954417470826,226.731242623482,265.27249849759613,5.6186673192841966e-05
M,Pleural Rub,RLA,M_PR_RLA,8.880682001806827e-06,0.0037812172032674,-0.0297853201627731,0.0332657098770141,0.0037812276319733,0.0080904447115384,176.57790525461044,254.76810091313445,292.8515625,6.837956992530642e-05
M,Pleural Rub,RLA,M_PR_RLA,-3.834591197760542e-06,0.0025370800097316,-0.0161621496081352,0.0145050399005413,0.0025370829075671,0.0133375901442307,227.01735637800252,267.8459045957292,404.1616586538461,1.0504027340951776e-05
M,Pleural Rub,RLA,M_PR_RLA,-1.4839544954126487e-06,0.0025307316658095,-0.0149376671761274,0.0146643668413162,0.0025307321008854,0.0076622596153846,146.9849484933605,230.2470272259297,207.54695012019232,1.38365182791737e-05
M,Pleural Rub,RLA,M_PR_RLA,3.1948335650236297e-06,0.0027152757781859,-0.0289319120347499,0.0244823154062032,0.0027152776577294,0.0174053485576923,248.20037319369575,256.80383344421267,438.4491436298077,1.585821454335141e-05
F,Coarse Crackles,LUA,F_CC_LUA,-6.0437255385171e-07,0.0015827125860907,-0.0174619443714618,0.0184841975569725,0.0015827127014831,0.0220365084134615,315.8243174282554,297.8317535213716,542.1397986778846,1.901782425354572e-05
F,Coarse Crackles,LUA,F_CC_LUA,1.0454109338856953e-06,0.0013181747993152,-0.0201464109122753,0.0192178003489971,0.0013181752138595,0.0174203725961538,304.334994851497,321.3423300513441,551.4984600360577,9.083191811869798e-05
F,Coarse Crackles,LUA,F_CC_LUA,-3.99943226110353e-07,0.0016983156414212,-0.0168091170489788,0.0161250531673431,0.0016983156885133,0.0199594350961538,300.5194890772823,308.363027702447,529.3855168269231,4.726414169244015e-05
F,Coarse Crackles,LUA,F_CC_LUA,-1.4430761347163036e-06,0.0015001785874533,-0.0160101242363452,0.0211458783596754,0.0015001792815267,0.0216421274038461,328.65865601560506,296.7268023771177,565.9919621394231,1.4519447129006867e-05
F,Coarse Crackles,LUA,F_CC_LUA,2.1358695562223278e-06,0.0015680299173102,-0.0175642929971218,0.0156839676201343,0.0015680313719816,0.0163536658653846,249.46754950403792,265.0529250875192,454.7646859975961,2.0618298708760998e-06
F,Pleural Rub,LUA,F_PR_LUA,1.4441191206782286e-07,0.0026703008351555,-0.0231769401580095,0.0213737208396196,0.0026703008390605,0.0201397235576923,289.9831454569816,290.7459452564145,483.5032301682692,3.354518303083785e-05
F,Pleural Rub,LUA,F_PR_LUA,-5.794351919814546e-07,0.0024251065030745,-0.0212925113737583,0.0208810232579708,0.0024251065722972,0.0175818810096153,277.5038445786396,292.55354736102254,471.9912484975961,4.650997909734464e-05
F,Pleural Rub,LUA,F_PR_LUA,1.366315711991084e-07,0.0029806312929649,-0.0245467722415924,0.0238085612654685,0.0029806312960965,0.0196176382211538,290.5738781382788,288.7897821212882,488.0583308293269,7.319045239532706e-05
F,Pleural Rub,LUA,F_PR_LUA,5.056672498863239e-07,0.0028802950477227,-0.0239852536469697,0.0211891196668148,0.0028802950921104,0.025927734375,340.48358467409315,282.2631264098931,554.8940805288462,2.296816997651233e-05
F,Pleural Rub,LUA,F_PR_LUA,-1.107753156778492e-06,0.0016001944167124,-0.011630518361926,0.0112134190276265,0.0016001948001399,0.0202486478365384,299.1361110564453,307.28744715978144,548.1028395432693,1.6369379807216326e-05
F,Rhonchi,LUSB,L0001,-5.2e-06,0.002638603,-0.015711328,0.014150463,0.002638609,0.101164363,4833.128733,3516.33194,9328.846154,0.043840015
F,Rhonchi,LUSB,L0001,4.58e-06,0.003578346,-0.016389115,0.013779176,0.003578349,0.108815355,4609.097627,3541.185028,9115.418983,0.054638208
F,Rhonchi,LUSB,L0001,-3e-06,0.0034344,-0.020993128,0.020871364,0.003434401,0.105010517,4253.182258,3583.439401,8847.496244,0.026220236
F,Rhonchi,LUSB,L0001,6.2e-07,0.003847015,-0.026429636,0.018279497,0.003847015,0.103928786,4561.50945,3571.288289,9083.036358,0.038178297
F,Rhonchi,LUSB,L0001,6.25e-06,0.004301824,-0.023687419,0.024746327,0.004301829,0.106708233,3972.203532,3577.159552,8570.463304,0.02921165
F,Normal,RLA,L0002,4.38e-06,0.005395097,-0.022460323,0.030554928,0.005395099,0.104195463,4457.118177,3589.102656,9053.138334,0.036931606
F,Normal,RLA,L0002,-1.74e-06,0.002218995,-0.013091784,0.013254026,0.002218995,0.116071965,4031.77772,3578.933967,8614.93765,0.045143549
F,Normal,RLA,L0002,-4.64e-07,0.001844648,-0.011757741,0.012217978,0.001844648,0.113378906,4045.758006,3549.692251,8624.544772,0.051232252
F,Normal,RLA,L0002,2.61e-06,0.002737001,-0.026360609,0.03025331,0.002737003,0.114685998,3793.038894,3572.787411,8388.839017,0.035711563
F,Normal,RLA,L0002,-2.62e-06,0.003371678,-0.03479585,0.03235218,0.003371679,0.11099384,3996.368102,3567.384427,8544.70628,0.045161095
M,Normal,LMA,L0003,-5.99e-06,0.011371029,-0.17678787,0.19137675,0.011371031,0.104060246,4487.030167,3531.716661,8975.784443,0.047844627
M,Normal,LMA,L0003,1.19e-05,0.005224501,-0.03642491,0.03960685,0.005224514,0.106347656,3902.901894,3599.424712,8461.472168,0.030105314
M,Normal,LMA,L0003,-1.09e-05,0.006277728,-0.025461107,0.028725034,0.006277738,0.097400841,4466.727027,3594.933678,9035.580491,0.030872272
M,Normal,LMA,L0003,2.52e-06,0.007674338,-0.052658252,0.054317437,0.007674338,0.106865986,4214.832464,3610.144107,8763.268292,0.028719365
M,Normal,LMA,L0003,-6.94e-06,0.005777379,-0.028998705,0.02950924,0.005777383,0.099932392,4557.983766,3601.848449,9159.727689,0.024798518
F,Coarse Crackles,Apex,L0004,-1.53e-06,0.004849847,-0.03134235,0.03530992,0.004849848,0.095620493,4560.23895,3566.097012,9068.625676,0.028379136
F,Coarse Crackles,Apex,L0004,-6.13e-06,0.005587276,-0.03560117,0.03379262,0.005587279,0.102959736,5065.277818,3481.226653,9492.167218,0.028106898
F,Coarse Crackles,Apex,L0004,4.03e-06,0.005092344,-0.08961171,0.06650217,0.005092345,0.09938777,4731.101867,3532.558702,9189.128794,0.023158547
F,Coarse Crackles,Apex,L0004,-1.38e-06,0.002730612,-0.030340446,0.025223132,0.002730612,0.104270583,4188.678005,3575.583612,8743.308669,0.050992511
F,Coarse Crackles,Apex,L0004,1.49e-06,0.002876097,-0.022484072,0.028047,0.002876097,0.101258263,4451.497869,3535.778042,8911.930213,0.054689211
M,Fine Crackles,RUSB,L0005,5.25e-06,0.006835433,-0.048639257,0.042462148,0.006835435,0.109574069,4026.568348,3564.119001,8666.120418,0.032752477
M,Fine Crackles,RUSB,L0005,-1.5e-05,0.004848391,-0.045710795,0.03449793,0.004848414,0.104589844,4456.023555,3563.873276,9030.197191,0.035995807
M,Fine Crackles,RUSB,L0005,4.82e-06,0.005566077,-0.051045105,0.053853776,0.00556608,0.113416466,4161.427785,3520.739762,8675.396259,0.050123931
M,Fine Crackles,RUSB,L0005,1.48e-05,0.005633385,-0.03787746,0.033467866,0.005633405,0.101596304,4637.728979,3545.404789,9154.261569,0.033162321
M,Fine Crackles,RUSB,L0005,-6.17e-06,0.004445449,-0.025879465,0.025341114,0.004445453,0.113303786,4678.584335,3519.242768,9157.491549,0.093779574
F,Pleural Rub,RC,L0006,5.59e-06,0.002682113,-0.01005472,0.011405692,0.002682119,0.105149489,4459.443011,3602.824588,9065.892616,0.034828521
F,Pleural Rub,RC,L0006,-9.37e-07,0.002418851,-0.010017302,0.011775967,0.002418851,0.103440505,4196.424943,3597.504617,8778.258714,0.023369655
F,Pleural Rub,RC,L0006,-2.68e-06,0.002130221,-0.0086935,0.00766527,0.002130223,0.101292067,4360.615368,3598.668573,8929.653696,0.019435638
F,Pleural Rub,RC,L0006,-6.33e-07,0.002328361,-0.014771175,0.012424973,0.002328361,0.103350361,4458.297303,3556.724916,8928.080116,0.051352252
F,Pleural Rub,RC,L0006,-1.01e-06,0.002062624,-0.008146444,0.009372365,0.002062624,0.099308894,4664.384783,3528.598888,9076.907677,0.060649119
M,Pleural Rub,Apex,L0007,6.18e-07,0.001117103,-0.008941424,0.010001733,0.001117103,0.123448768,4450.395736,3500.835664,8957.72968,0.075057614
M,Pleural Rub,Apex,L0007,1.09e-07,0.004589186,-0.031983633,0.03409765,0.004589186,0.106253756,4535.536164,3559.524028,9022.080829,0.02263584
M,Pleural Rub,Apex,L0007,2.3e-07,0.000516779,-0.003635522,0.003655264,0.000516779,0.120736929,4561.124778,3500.509087,9063.656475,0.083367453
M,Pleural Rub,Apex,L0007,-4.42e-07,0.000505919,-0.004199197,0.00326326,0.00050592,0.116740535,3679.907112,3556.934105,8254.173678,0.035337195
M,Pleural Rub,Apex,L0007,-2.14e-07,0.000571071,-0.004170753,0.003804567,0.000571071,0.123294772,3678.557032,3552.878502,8286.721943,0.04132074
F,Pleural Rub,LMA,L0008,3.91e-06,0.003052925,-0.018941076,0.017702252,0.003052927,0.09752479,4410.03951,3568.281402,8946.217698,0.036487891
F,Pleural Rub,LMA,L0008,3.52e-06,0.002888949,-0.015917305,0.017737579,0.002888951,0.104281851,4241.016437,3581.474482,8827.122521,0.037596219
F,Pleural Rub,LMA,L0008,-3.75e-06,0.002892755,-0.02497616,0.021388117,0.002892758,0.104041466,4126.613831,3592.836039,8730.968487,0.02764736
F,Pleural Rub,LMA,L0008,-1.43e-06,0.002871924,-0.014365926,0.014904574,0.002871924,0.103339093,3970.307123,3603.921681,8516.464656,0.020243248
F,Pleural Rub,LMA,L0008,5.8e-06,0.002967252,-0.017387755,0.02732314,0.002967257,0.104090294,4209.666812,3576.094728,8792.255296,0.03062974
M,Wheezing,LUA,L0009,-3.02e-06,0.003879981,-0.017516082,0.018024622,0.003879982,0.112248347,4747.106353,3497.557717,9182.917293,0.06000544
M,Wheezing,LUA,L0009,1.06e-06,0.005350045,-0.02161491,0.021071656,0.005350045,0.119238281,3686.684982,3546.597674,8295.003944,0.03608158
M,Wheezing,LUA,L0009,2.96e-06,0.003336938,-0.020542676,0.021795554,0.003336939,0.108834135,4345.506705,3557.900214,8906.298453,0.052663467
M,Wheezing,LUA,L0009,8.17e-07,0.005204976,-0.021255527,0.021309301,0.005204976,0.117345252,4003.347441,3552.404511,8575.763785,0.039997683
M,Wheezing,LUA,L0009,-9.32e-07,0.003674002,-0.021931313,0.023624845,0.003674003,0.114133864,3848.114746,3556.71852,8497.250413,0.033704329
F,Coarse Crackles,LUA,L0010,-6.04e-07,0.001582713,-0.017461944,0.018484198,0.001582713,0.112973257,3970.761559,3559.379432,8569.883564,0.042038791
F,Coarse Crackles,LUA,L0010,1.05e-06,0.001318175,-0.02014641,0.0192178,0.001318175,0.108897987,4046.066211,3580.674628,8642.930814,0.034007447
F,Coarse Crackles,LUA,L0010,-4e-07,0.001698316,-0.016809117,0.016125053,0.001698316,0.108503606,4235.226874,3537.869444,8832.091722,0.042048532
F,Coarse Crackles,LUA,L0010,-1.44e-06,0.001500179,-0.016010124,0.021145878,0.001500179,0.115087891,3895.235716,3565.321931,8477.95335,0.042152594
F,Coarse Crackles,LUA,L0010,2.14e-06,0.00156803,-0.017564293,0.015683968,0.001568031,0.108270733,5016.243505,3442.462962,9399.740084,0.067350329
M,Normal,Apex,L0011,3.58e-06,0.003609851,-0.041609026,0.054261334,0.003609853,0.110794772,4216.337073,3527.807361,8699.662523,0.035326848
M,Normal,Apex,L0011,-4.25e-06,0.001882492,-0.010505661,0.007990907,0.001882497,0.11623723,3986.425497,3574.694867,8550.503681,0.039185121
M,Normal,Apex,L0011,1.83e-06,0.003490937,-0.016057167,0.015997251,0.003490938,0.110126202,4155.272537,3597.517788,8724.425706,0.034985482
M,Normal,Apex,L0011,5.78e-07,0.002404372,-0.011426762,0.013650101,0.002404372,0.119749099,3939.48832,3569.545318,8518.783616,0.044901348
M,Normal,Apex,L0011,-1.6e-06,0.004016986,-0.055074736,0.050384276,0.004016987,0.106494141,5018.543347,3445.070355,9371.33282,0.054878697
F,Rhonchi,RMA,L0012,1.42e-05,0.004142696,-0.0351039,0.03308152,0.00414272,0.098024339,4257.08072,3612.686884,8812.297739,0.018584213
F,Rhonchi,RMA,L0012,-1.81e-05,0.00377013,-0.02098574,0.017489992,0.003770173,0.107666016,3997.162655,3572.058793,8553.071101,0.041717183
F,Rhonchi,RMA,L0012,5.23e-08,0.002983613,-0.010324899,0.011201684,0.002983613,0.093344351,4571.928416,3585.395588,9139.685246,0.026848102
F,Rhonchi,RMA,L0012,-1.15e-05,0.005639145,-0.04986401,0.04805702,0.005639157,0.106764573,3967.24671,3567.432544,8564.748723,0.033841273
F,Rhonchi,RMA,L0012,1.34e-05,0.004830553,-0.04485277,0.05136563,0.004830572,0.10304988,4816.61755,3473.898711,9160.473069,0.047867534
F,Pleural Rub,RC,L0013,5.59e-06,0.002682113,-0.01005472,0.011405692,0.002682119,0.105149489,4459.443011,3602.824588,9065.892616,0.034828521
F,Pleural Rub,RC,L0013,-9.37e-07,0.002418851,-0.010017302,0.011775967,0.002418851,0.103440505,4196.424943,3597.504617,8778.258714,0.023369655
F,Pleural Rub,RC,L0013,-2.68e-06,0.002130221,-0.0086935,0.00766527,0.002130223,0.101292067,4360.615368,3598.668573,8929.653696,0.019435638
F,Pleural Rub,RC,L0013,-6.33e-07,0.002328361,-0.014771175,0.012424973,0.002328361,0.103350361,4458.297303,3556.724916,8928.080116,0.051352252
F,Pleural Rub,RC,L0013,-1.01e-06,0.002062624,-0.008146444,0.009372365,0.002062624,0.099308894,4664.384783,3528.598888,9076.907677,0.060649119
F,Rhonchi,LUA,L0014,-4.88e-06,0.005776205,-0.020024044,0.020268086,0.005776207,0.099759615,4511.39778,3615.373646,9136.538086,0.016097313
F,Rhonchi,LUA,L0014,-7.6e-07,0.006464874,-0.021759057,0.021556877,0.006464874,0.101716496,4170.604641,3612.971486,8741.486629,0.02527802
F,Rhonchi,LUA,L0014,-1.38e-05,0.005216444,-0.023326987,0.022215394,0.005216462,0.100927734,4497.993984,3581.734289,9101.753681,0.024745843
F,Rhonchi,LUA,L0014,1.59e-05,0.005835368,-0.034394514,0.03468042,0.00583539,0.10453726,4437.521286,3601.142976,9011.065768,0.038052754
F,Rhonchi,LUA,L0014,-2.31e-06,0.005172232,-0.018264871,0.01821451,0.005172232,0.100600962,4301.054501,3571.044232,8825.217661,0.033704262
F,Coarse Crackles,LUA,L0015,-6.04e-07,0.001582713,-0.017461944,0.018484198,0.001582713,0.112973257,3970.761559,3559.379432,8569.883564,0.042038791
F,Coarse Crackles,LUA,L0015,1.05e-06,0.001318175,-0.02014641,0.0192178,0.001318175,0.108897987,4046.066211,3580.674628,8642.930814,0.034007447
F,Coarse Crackles,LUA,L0015,-4e-07,0.001698316,-0.016809117,0.016125053,0.001698316,0.108503606,4235.226874,3537.869444,8832.091722,0.042048532
F,Coarse Crackles,LUA,L0015,-1.44e-06,0.001500179,-0.016010124,0.021145878,0.001500179,0.115087891,3895.235716,3565.321931,8477.95335,0.042152594
F,Coarse Crackles,LUA,L0015,2.14e-06,0.00156803,-0.017564293,0.015683968,0.001568031,0.108270733,5016.243505,3442.462962,9399.740084,0.067350329
F,Rhonchi,RLA,L0016,-6.16e-07,0.000848236,-0.004891367,0.004209947,0.000848237,0.117382813,4742.344603,3505.821535,9229.462139,0.10232782
F,Rhonchi,RLA,L0016,1.62e-07,0.000513081,-0.003129927,0.003484036,0.000513081,0.117886118,3651.280884,3545.486318,8277.197641,0.04598958
F,Rhonchi,RLA,L0016,-8.14e-07,0.000451756,-0.002721842,0.003102505,0.000451756,0.118325571,4909.641477,3487.977089,9341.186336,0.112284249
F,Rhonchi,RLA,L0016,4.96e-07,0.000576809,-0.003250905,0.005780353,0.00057681,0.118697416,3853.334633,3561.708665,8426.687763,0.050639053
F,Rhonchi,RLA,L0016,-4.59e-07,0.000264766,-0.001892942,0.002135716,0.000264767,0.112635216,3702.693927,3574.091093,8257.900578,0.041355917
F,Coarse Crackles,RC,L0017,1.09e-05,0.00663731,-0.046294264,0.044054493,0.006637319,0.106407752,4787.164856,3529.186207,9306.650391,0.044223133
F,Coarse Crackles,RC,L0017,2.71e-06,0.004232894,-0.031793617,0.030928379,0.004232895,0.102445162,4129.99489,3602.521851,8662.559157,0.028299969
F,Coarse Crackles,RC,L0017,8.43e-07,0.004516187,-0.036832325,0.037448984,0.004516187,0.104544772,4238.435135,3560.778696,8793.000676,0.044466773
F,Coarse Crackles,RC,L0017,-2.63e-06,0.004644498,-0.03588919,0.040106647,0.004644498,0.10371845,4233.616024,3585.020004,8754.15809,0.033780073
F,Coarse Crackles,RC,L0017,5.35e-06,0.00559332,-0.040743947,0.045450523,0.005593323,0.105303486,4212.826657,3563.320982,8742.728929,0.035733852
F,Wheezing,RMA,L0018,7.3e-07,0.003048469,-0.014197756,0.015072011,0.003048469,0.118539663,3718.883567,3563.020557,8282.415302,0.028266077
F,Wheezing,RMA,L0018,-9.15e-07,0.001753403,-0.010005219,0.010179113,0.001753404,0.109078275,4327.67655,3548.415436,8862.900766,0.048940225
F,Wheezing,RMA,L0018,-3.11e-07,0.003308668,-0.014786958,0.014877789,0.003308668,0.11558744,4015.008938,3551.341346,8575.598145,0.040226572
F,Wheezing,RMA,L0018,2.18e-06,0.001946128,-0.01100699,0.010369945,0.001946129,0.11564378,3916.693225,3553.734004,8519.114896,0.037303776
F,Wheezing,RMA,L0018,-4.98e-06,0.002547426,-0.01146814,0.011643106,0.002547431,0.118697416,4608.355687,3489.728898,9046.347093,0.07084405
M,Pleural Rub,RUA,L0019,1.17e-06,0.004266676,-0.03228691,0.03451243,0.004266676,0.103913762,4468.510159,3587.154784,9031.605131,0.028823165
M,Pleural Rub,RUA,L0019,-4.64e-07,0.001835983,-0.012212819,0.011631669,0.001835983,0.105419922,4371.989623,3564.092073,8915.905574,0.040379018
M,Pleural Rub,RUA,L0019,-2.62e-06,0.001946136,-0.01273436,0.012302918,0.001946138,0.106039663,4541.95314,3552.127853,9065.561336,0.034285684
M,Pleural Rub,RUA,L0019,7.8e-07,0.001612078,-0.010220701,0.011414699,0.001612079,0.109540264,3864.224197,3573.939357,8430.580303,0.034545859
M,Pleural Rub,RUA,L0019,1e-06,0.001942338,-0.016969059,0.021381581,0.001942338,0.099297626,4796.510142,3555.810619,9331.082294,0.045296131
F,Normal,RLA,L0020,4.38e-06,0.005395097,-0.022460323,0.030554928,0.005395099,0.104195463,4457.118177,3589.102656,9053.138334,0.036931606
F,Normal,RLA,L0020,-1.74e-06,0.002218995,-0.013091784,0.013254026,0.002218995,0.116071965,4031.77772,3578.933967,8614.93765,0.045143549
F,Normal,RLA,L0020,-4.64e-07,0.001844648,-0.011757741,0.012217978,0.001844648,0.113378906,4045.758006,3549.692251,8624.544772,0.051232252
F,Normal,RLA,L0020,2.61e-06,0.002737001,-0.026360609,0.03025331,0.002737003,0.114685998,3793.038894,3572.787411,8388.839017,0.035711563
F,Normal,RLA,L0020,-2.62e-06,0.003371678,-0.03479585,0.03235218,0.003371679,0.11099384,3996.368102,3567.384427,8544.70628,0.045161095
M,Coarse Crackles,LUSB,L0021,6.52e-07,0.003540228,-0.023546193,0.025521204,0.003540228,0.106629357,4363.521523,3597.390083,8959.55172,0.03122278
M,Coarse Crackles,LUSB,L0021,-1.07e-06,0.00251604,-0.022361815,0.026359763,0.00251604,0.107271635,4222.858775,3537.557349,8812.629019,0.040845403
M,Coarse Crackles,LUSB,L0021,5.13e-07,0.003017383,-0.01990955,0.018438261,0.003017383,0.10001878,3981.255812,3603.350396,8470.085449,0.020696249
M,Coarse Crackles,LUSB,L0021,-2.64e-06,0.003387372,-0.02486285,0.03270069,0.003387373,0.100180288,4490.32778,3567.405473,9043.199932,0.040633202
M,Coarse Crackles,LUSB,L0021,2.69e-06,0.003031908,-0.021070497,0.016281318,0.003031909,0.105168269,4165.190688,3570.436065,8732.956167,0.040889056
M,Fine Crackles,LMA,L0022,1.06e-06,0.008159181,-0.11487937,0.123358436,0.008159181,0.096232722,4818.912413,3498.277747,9220.269118,0.022370055
M,Fine Crackles,LMA,L0022,9.25e-07,0.006492092,-0.070587665,0.08522953,0.006492092,0.104601112,4400.615339,3573.150791,8913.338154,0.03642337
M,Fine Crackles,LMA,L0022,-7.91e-07,0.001891881,-0.009833147,0.012572962,0.001891881,0.101757813,4501.721732,3595.561146,9047.340933,0.022788377
M,Fine Crackles,LMA,L0022,5.74e-06,0.002229486,-0.012495737,0.012427876,0.002229493,0.100758714,4099.775066,3613.982579,8656.347656,0.028627878
M,Fine Crackles,LMA,L0022,6.81e-07,0.002879361,-0.026491862,0.02148017,0.002879361,0.10386869,4906.194848,3513.78886,9317.913912,0.051641225
M,Normal,LC,L0023,-2.95e-06,0.002219997,-0.022345643,0.018098406,0.002219999,0.108319561,4245.999875,3562.581825,8818.7577,0.043130848
M,Normal,LC,L0023,-7.37e-07,0.004007966,-0.045500353,0.04086878,0.004007966,0.114839994,3955.413311,3556.410203,8512.075195,0.066392368
M,Normal,LC,L0023,2.37e-06,0.00178754,-0.009743379,0.01310602,0.001787541,0.105885667,4803.067615,3518.864642,9296.546349,0.05292975
M,Normal,LC,L0023,-3.71e-06,0.003750676,-0.051978044,0.051667213,0.003750677,0.120150992,4300.602462,3555.181544,8842.609863,0.061273431
M,Normal,LC,L0023,3.52e-06,0.00147544,-0.008434444,0.007142589,0.001475444,0.105123197,4594.820921,3549.361321,9161.38409,0.051266646
M,Wheezing,LUSB,L0024,-3.07e-05,0.011260951,-0.075016275,0.061388437,0.011260993,0.11175631,4763.905659,3522.100793,9225.569599,0.0590919
M,Wheezing,LUSB,L0024,1.69e-06,0.007492346,-0.04486984,0.035938703,0.007492346,0.112992037,4135.325229,3565.784714,8754.24091,0.033412
M,Wheezing,LUSB,L0024,2.07e-06,0.008950257,-0.08275688,0.06776382,0.008950258,0.108079177,5057.463726,3428.39902,9377.792781,0.091913492
M,Wheezing,LUSB,L0024,-2e-07,0.010270189,-0.06515475,0.055973195,0.010270189,0.113690655,3730.494308,3554.524874,8325.895808,0.027000394
M,Wheezing,LUSB,L0024,-1.32e-06,0.005871707,-0.032786317,0.0319442,0.005871707,0.107279147,4899.038951,3465.353397,9290.997408,0.058101583
M,Pleural Rub,RC,L0025,5.59e-06,0.002682113,-0.01005472,0.011405692,0.002682119,0.105149489,4459.443011,3602.824588,9065.892616,0.034828521
M,Pleural Rub,RC,L0025,-9.37e-07,0.002418851,-0.010017302,0.011775967,0.002418851,0.103440505,4196.424943,3597.504617,8778.258714,0.023369655
M,Pleural Rub,RC,L0025,-2.68e-06,0.002130221,-0.0086935,0.00766527,0.002130223,0.101292067,4360.615368,3598.668573,8929.653696,0.019435638
M,Pleural Rub,RC,L0025,-6.33e-07,0.002328361,-0.014771175,0.012424973,0.002328361,0.103350361,4458.297303,3556.724916,8928.080116,0.051352252
M,Pleural Rub,RC,L0025,-1.01e-06,0.002062624,-0.008146444,0.009372365,0.002062624,0.099308894,4664.384783,3528.598888,9076.907677,0.060649119
F,Pleural Rub,LUSB,L0026,4.44e-06,0.004330154,-0.034643322,0.041664988,0.004330156,0.107211538,4827.499379,3422.766513,9179.273212,0.083268287
F,Pleural Rub,LUSB,L0026,-3.76e-07,0.003110726,-0.027970951,0.023399457,0.003110726,0.108901743,4037.612817,3586.492534,8637.713154,0.027144274
F,Pleural Rub,LUSB,L0026,3.39e-07,0.00421552,-0.03734602,0.046655376,0.00421552,0.107519531,4175.333367,3557.504734,8772.544133,0.0375071
F,Pleural Rub,LUSB,L0026,-2.9e-06,0.00560685,-0.060400274,0.071573325,0.005606851,0.108728966,4563.44338,3500.084824,9058.687275,0.0322829
F,Pleural Rub,LUSB,L0026,-8.95e-07,0.003349909,-0.034932397,0.02425889,0.003349909,0.112116887,4650.635508,3484.180186,9169.251991,0.038851809
M,Coarse Crackles,RMA,L0027,-5.06e-07,0.005246622,-0.016961183,0.019850321,0.005246622,0.100108924,4598.801137,3566.550589,9126.268404,0.03347921
M,Coarse Crackles,RMA,L0027,7.19e-06,0.004736249,-0.023439508,0.02442663,0.004736255,0.100939002,4491.577298,3570.679877,9005.434007,0.03895719
M,Coarse Crackles,RMA,L0027,2.1e-06,0.008221054,-0.076189056,0.06619206,0.008221054,0.1001878,4618.568489,3569.930292,9155.917969,0.029866614
M,Coarse Crackles,RMA,L0027,-2.21e-05,0.004809608,-0.02448014,0.025369553,0.004809659,0.103493089,4422.599913,3587.783489,8969.241662,0.030561662
M,Coarse Crackles,RMA,L0027,-3.41e-08,0.005419706,-0.04443976,0.0534843,0.005419706,0.098061899,4869.734089,3536.374202,9377.047401,0.023319469
F,Coarse Crackles,RC,L0028,1.09e-05,0.00663731,-0.046294264,0.044054493,0.006637319,0.106407752,4787.164856,3529.186207,9306.650391,0.044223133
F,Coarse Crackles,RC,L0028,2.71e-06,0.004232894,-0.031793617,0.030928379,0.004232895,0.102445162,4129.99489,3602.521851,8662.559157,0.028299969
F,Coarse Crackles,RC,L0028,8.43e-07,0.004516187,-0.036832325,0.037448984,0.004516187,0.104544772,4238.435135,3560.778696,8793.000676,0.044466773
F,Coarse Crackles,RC,L0028,-2.63e-06,0.004644498,-0.03588919,0.040106647,0.004644498,0.10371845,4233.616024,3585.020004,8754.15809,0.033780073
F,Coarse Crackles,RC,L0028,5.35e-06,0.00559332,-0.040743947,0.045450523,0.005593323,0.105303486,4212.826657,3563.320982,8742.728929,0.035733852
M,Pleural Rub,LC,L0029,-8.4e-06,0.004765895,-0.032654136,0.028383628,0.004765903,0.112747897,4803.391717,3470.221913,9247.268442,0.077168189
M,Pleural Rub,LC,L0029,4.1e-06,0.00396729,-0.027681978,0.028144406,0.003967292,0.107542067,4079.021505,3582.006719,8698.171762,0.02719455
M,Pleural Rub,LC,L0029,2.82e-06,0.004687317,-0.03646401,0.030727196,0.004687318,0.110340294,4414.733565,3523.241553,8978.020583,0.038193208
M,Pleural Rub,LC,L0029,-4.97e-06,0.004120901,-0.03169951,0.02536235,0.004120904,0.108214393,4251.526224,3573.138164,8869.195087,0.029897306
M,Pleural Rub,LC,L0029,-1.37e-06,0.005350368,-0.032150693,0.026100744,0.005350368,0.111095252,4502.711433,3551.457947,9079.889198,0.030648328
F,Pleural Rub,RC,L0030,5.59e-06,0.002682113,-0.01005472,0.011405692,0.002682119,0.105149489,4459.443011,3602.824588,9065.892616,0.034828521
F,Pleural Rub,RC,L0030,-9.37e-07,0.002418851,-0.010017302,0.011775967,0.002418851,0.103440505,4196.424943,3597.504617,8778.258714,0.023369655
F,Pleural Rub,RC,L0030,-2.68e-06,0.002130221,-0.0086935,0.00766527,0.002130223,0.101292067,4360.615368,3598.668573,8929.653696,0.019435638
F,Pleural Rub,RC,L0030,-6.33e-07,0.002328361,-0.014771175,0.012424973,0.002328361,0.103350361,4458.297303,3556.724916,8928.080116,0.051352252
F,Pleural Rub,RC,L0030,-1.01e-06,0.002062624,-0.008146444,0.009372365,0.002062624,0.099308894,4664.384783,3528.598888,9076.907677,0.060649119
F,Fine Crackles,RC,L0031,-3.13e-07,0.001469487,-0.017721526,0.0162778,0.001469487,0.098659105,4572.415015,3558.933088,9089.496319,0.042354883
F,Fine Crackles,RC,L0031,-6.83e-07,0.00114788,-0.009490735,0.013049636,0.00114788,0.115189303,4540.369293,3539.246437,9036.574331,0.076526976
F,Fine Crackles,RC,L0031,-1.16e-06,0.001030977,-0.006774295,0.010688666,0.001030978,0.105434946,3916.368831,3599.289609,8413.519381,0.022739011
F,Fine Crackles,RC,L0031,1.93e-06,0.002048544,-0.017091054,0.016083684,0.002048545,0.103158804,4438.18155,3562.634777,8942.904898,0.040540436
F,Fine Crackles,RC,L0031,-8.67e-07,0.000916646,-0.005474267,0.004933954,0.000916647,0.110836088,4034.910481,3579.116654,8595.474947,0.03714135
F,Pleural Rub,LUA,L0032,1.44e-07,0.002670301,-0.02317694,0.02137372,0.002670301,0.109502704,3970.996499,3580.280759,8578.248385,0.034822775
F,Pleural Rub,LUA,L0032,-5.79e-07,0.002425107,-0.021292511,0.020881023,0.002425107,0.106693209,4025.390569,3571.587415,8638.044434,0.025903752
F,Pleural Rub,LUA,L0032,1.37e-07,0.002980631,-0.024546772,0.023808561,0.002980631,0.111899038,4872.43157,3428.643994,9294.724309,0.049233656
F,Pleural Rub,LUA,L0032,5.06e-07,0.002880295,-0.023985254,0.02118912,0.002880295,0.118261719,3795.527682,3543.564928,8453.935547,0.036412218
F,Pleural Rub,LUA,L0032,-1.11e-06,0.001600194,-0.011630518,0.011213419,0.001600195,0.108901743,5713.269375,3228.04556,9739.219313,0.116092748
F,Fine Crackles,LUSB,L0033,-4.16e-07,0.008182629,-0.07770916,0.08503045,0.008182629,0.105893179,4376.768952,3597.961691,8968.910382,0.037787443
F,Fine Crackles,LUSB,L0033,5.16e-06,0.004730775,-0.02252415,0.02434685,0.004730778,0.102997296,4378.836421,3595.384866,8935.616737,0.023931987
F,Fine Crackles,LUSB,L0033,-4.64e-06,0.004275099,-0.032462474,0.027740669,0.004275102,0.104007662,4217.310995,3577.724612,8748.60915,0.038939609
F,Fine Crackles,LUSB,L0033,5.65e-06,0.005466657,-0.04347209,0.051221617,0.00546666,0.105066857,4458.192847,3550.52111,8934.374437,0.047761297
F,Fine Crackles,LUSB,L0033,-5.66e-06,0.004565567,-0.051580183,0.043779507,0.00456557,0.103455529,4182.151902,3595.81949,8730.968487,0.026664158
M,Coarse Crackles,RC,L0034,1.09e-05,0.00663731,-0.046294264,0.044054493,0.006637319,0.106407752,4787.164856,3529.186207,9306.650391,0.044223133
M,Coarse Crackles,RC,L0034,2.71e-06,0.004232894,-0.031793617,0.030928379,0.004232895,0.102445162,4129.99489,3602.521851,8662.559157,0.028299969
M,Coarse Crackles,RC,L0034,8.43e-07,0.004516187,-0.036832325,0.037448984,0.004516187,0.104544772,4238.435135,3560.778696,8793.000676,0.044466773
M,Coarse Crackles,RC,L0034,-2.63e-06,0.004644498,-0.03588919,0.040106647,0.004644498,0.10371845,4233.616024,3585.020004,8754.15809,0.033780073
M,Coarse Crackles,RC,L0034,5.35e-06,0.00559332,-0.040743947,0.045450523,0.005593323,0.105303486,4212.826657,3563.320982,8742.728929,0.035733852
M,Fine Crackles,RLA,L0035,-2.04e-06,0.005704695,-0.048278872,0.05636751,0.005704695,0.105709135,3949.993829,3589.67401,8493.357873,0.031882018
M,Fine Crackles,RLA,L0035,-1.26e-06,0.000714033,-0.003022871,0.003413397,0.000714034,0.111403245,4225.932668,3587.215329,8824.058181,0.049924559
M,Fine Crackles,RLA,L0035,1.9e-06,0.000927242,-0.005568703,0.005639112,0.000927244,0.120252404,3688.255605,3542.905142,8339.80957,0.052861928
M,Fine Crackles,RLA,L0035,-9.29e-08,0.000578361,-0.004046178,0.003615927,0.000578361,0.109198468,4354.868198,3598.52142,8947.874099,0.059154274
M,Fine Crackles,RLA,L0035,-3.28e-07,0.000760512,-0.005157698,0.006236159,0.000760512,0.125086388,4520.079686,3530.622686,9045.021973,0.10168954
M,Normal,LUA,L0036,-1.22e-05,0.005871705,-0.029730063,0.03452291,0.005871718,0.106648137,3933.290519,3596.080931,8422.463942,0.023452354
M,Normal,LUA,L0036,-6.19e-06,0.00586644,-0.01974482,0.020083122,0.005866443,0.107361779,4093.759493,3601.022585,8681.69058,0.029233464
M,Normal,LUA,L0036,5.35e-06,0.00672062,-0.038126893,0.034447633,0.006720623,0.109739333,4227.489535,3579.158406,8770.059533,0.038216347
M,Normal,LUA,L0036,1.39e-05,0.005231394,-0.03241186,0.028075064,0.005231412,0.106430288,4775.023615,3537.528038,9303.42041,0.046859539
M,Normal,LUA,L0036,-5.79e-06,0.0045678,-0.022088662,0.023531167,0.004567803,0.118513371,3812.766708,3552.630336,8401.344839,0.049772213
M,Normal,LLSB,L0037,1.03e-06,0.015184105,-0.17402819,0.1899615,0.015184105,0.097829026,4952.93543,3487.534252,9348.391677,0.020352357
M,Normal,LLSB,L0037,-5.92e-06,0.011093522,-0.1812208,0.17023133,0.011093524,0.103354117,4205.031575,3603.071199,8749.27171,0.027388376
M,Normal,LLSB,L0037,-7.38e-06,0.005400928,-0.03307638,0.03554452,0.005400933,0.103538161,3909.216591,3600.083537,8424.037523,0.028256846
M,Normal,LLSB,L0037,6.88e-06,0.006407593,-0.044548262,0.07638114,0.006407597,0.098508864,4469.052343,3582.907351,8991.934345,0.031986867
M,Normal,LLSB,L0037,-6.07e-06,0.004101199,-0.020872183,0.025417503,0.004101204,0.107801232,4152.689393,3609.27959,8707.530424,0.039244696
F,Normal,LLSB,L0038,1.03e-06,0.015184105,-0.17402819,0.1899615,0.015184105,0.097829026,4952.93543,3487.534252,9348.391677,0.020352357
F,Normal,LLSB,L0038,-5.92e-06,0.011093522,-0.1812208,0.17023133,0.011093524,0.103354117,4205.031575,3603.071199,8749.27171,0.027388376
F,Normal,LLSB,L0038,-7.38e-06,0.005400928,-0.03307638,0.03554452,0.005400933,0.103538161,3909.216591,3600.083537,8424.037523,0.028256846
F,Normal,LLSB,L0038,6.88e-06,0.006407593,-0.044548262,0.07638114,0.006407597,0.098508864,4469.052343,3582.907351,8991.934345,0.031986867
F,Normal,LLSB,L0038,-6.07e-06,0.004101199,-0.020872183,0.025417503,0.004101204,0.107801232,4152.689393,3609.27959,8707.530424,0.039244696
M,Wheezing,LC,L0039,-1.51e-06,0.001163477,-0.008363091,0.007971405,0.001163478,0.112255859,3856.051419,3589.084474,8405.23738,0.03016231
M,Wheezing,LC,L0039,2.76e-06,0.003423029,-0.043221965,0.043373466,0.00342303,0.098828125,4130.733936,3614.500907,8625.869892,0.022592604
M,Wheezing,LC,L0039,-1.62e-06,0.002098945,-0.016785892,0.016217258,0.002098946,0.107249099,3850.833723,3590.254423,8350.493352,0.029078106
M,Wheezing,LC,L0039,1.83e-06,0.002138458,-0.027039915,0.02448453,0.002138459,0.104131611,4041.051584,3586.473626,8535.264799,0.028208388
M,Wheezing,LC,L0039,2.13e-07,0.001252946,-0.005406642,0.005571935,0.001252947,0.109142127,4154.974048,3595.784423,8717.386005,0.034758346
M,Rhonchi,LC,L0040,-6.07e-07,0.001836032,-0.008603872,0.00811992,0.001836033,0.11026893,4400.611722,3530.058316,8953.423039,0.028584224
M,Rhonchi,LC,L0040,-7.01e-07,0.003763979,-0.017866373,0.019742684,0.00376398,0.116789363,3649.047656,3533.843458,8286.390663,0.034700307
M,Rhonchi,LC,L0040,9.59e-07,0.001991968,-0.01097442,0.012458209,0.001991968,0.095166016,5244.269445,3395.337756,9524.135742,0.070689361
M,Rhonchi,LC,L0040,-3.91e-06,0.003872047,-0.018091476,0.018322013,0.003872049,0.118321815,3791.92268,3533.828317,8435.715144,0.040344604
M,Rhonchi,LC,L0040,1.52e-06,0.00203957,-0.015477943,0.017246008,0.00203957,0.100507061,5217.393502,3373.385871,9490.345177,0.061103298
F,Normal,LLA,L0041,-6.96e-07,0.001613831,-0.006779681,0.005775984,0.001613832,0.106689453,4332.890355,3587.695909,8924.187575,0.038700034
F,Normal,LLA,L0041,1.24e-07,0.001760531,-0.009141335,0.010012853,0.001760531,0.113161058,3943.762045,3594.768975,8485.324331,0.040458346
F,Normal,LLA,L0041,-7.68e-06,0.002661295,-0.0192798,0.021325257,0.002661306,0.108811599,4068.183132,3585.069713,8620.900691,0.03111877
F,Normal,LLA,L0041,2.31e-05,0.00224857,-0.019745998,0.019542478,0.002248689,0.110490535,4521.446641,3511.962773,8927.086276,0.08543854
F,Normal,LLA,L0041,-1.62e-05,0.002239011,-0.01852571,0.01333439,0.002239069,0.109735577,4451.927697,3544.521616,8891.14239,0.086858897
F,Coarse Crackles,RUA,L0042,-1.54e-05,0.01014,-0.13735646,0.10369691,0.010140012,0.09918119,4578.013245,3565.078715,9084.361478,0.028547417
F,Coarse Crackles,RUA,L0042,4.61e-06,0.00359565,-0.015656281,0.017073264,0.003595653,0.100987831,4300.408431,3599.929104,8864.391526,0.032420785
F,Coarse Crackles,RUA,L0042,6.35e-06,0.009596301,-0.099662185,0.07624526,0.009596304,0.101239483,4073.882395,3618.604536,8523.669997,0.021386177
F,Coarse Crackles,RUA,L0042,-3.84e-06,0.005817314,-0.089668214,0.067840874,0.005817315,0.102862079,4122.752037,3607.535292,8706.619404,0.024175494
F,Coarse Crackles,RUA,L0042,-8.16e-07,0.011124283,-0.1446701,0.11845015,0.011124283,0.101453576,4157.912697,3614.206603,8666.700158,0.020289569
M,Pleural Rub,LLSB,L0043,1.69e-06,0.004987802,-0.024166081,0.023065887,0.004987802,0.102478966,4458.332017,3575.692491,8957.14994,0.022037939
M,Pleural Rub,LLSB,L0043,-6.78e-06,0.006126201,-0.058655336,0.046145484,0.006126205,0.098910757,4412.560957,3598.927903,8932.718036,0.030546956
M,Pleural Rub,LLSB,L0043,-4.39e-06,0.004073677,-0.034166515,0.029225754,0.004073679,0.099996244,4228.976478,3608.633227,8746.373009,0.022995702
M,Pleural Rub,LLSB,L0043,-2.15e-05,0.007207109,-0.11004487,0.06997408,0.007207141,0.098035607,4276.42319,3590.716407,8781.405874,0.018402142
M,Pleural Rub,LLSB,L0043,1.34e-05,0.008237596,-0.05907564,0.05175699,0.008237606,0.099402794,4542.686643,3570.249352,9004.026067,0.028316638
M,Coarse Crackles,RC,L0044,1.09e-05,0.00663731,-0.046294264,0.044054493,0.006637319,0.106407752,4787.164856,3529.186207,9306.650391,0.044223133
M,Coarse Crackles,RC,L0044,2.71e-06,0.004232894,-0.031793617,0.030928379,0.004232895,0.102445162,4129.99489,3602.521851,8662.559157,0.028299969
M,Coarse Crackles,RC,L0044,8.43e-07,0.004516187,-0.036832325,0.037448984,0.004516187,0.104544772,4238.435135,3560.778696,8793.000676,0.044466773
M,Coarse Crackles,RC,L0044,-2.63e-06,0.004644498,-0.03588919,0.040106647,0.004644498,0.10371845,4233.616024,3585.020004,8754.15809,0.033780073
M,Coarse Crackles,RC,L0044,5.35e-06,0.00559332,-0.040743947,0.045450523,0.005593323,0.105303486,4212.826657,3563.320982,8742.728929,0.035733852
M,Fine Crackles,LLSB,L0045,-1.9e-05,0.00513785,-0.019473458,0.019938763,0.005137885,0.101476112,4251.587149,3612.118368,8815.941819,0.026947323
M,Fine Crackles,LLSB,L0045,5.71e-06,0.003280336,-0.023049455,0.019228365,0.003280341,0.101186899,4154.046104,3585.682161,8689.972581,0.036648051
M,Fine Crackles,LLSB,L0045,-4.34e-06,0.003067546,-0.022900335,0.027067173,0.003067549,0.106129808,4316.534387,3552.455857,8832.257362,0.031299863
M,Fine Crackles,LLSB,L0045,6.38e-06,0.00232278,-0.019568458,0.017717194,0.002322789,0.102073317,4022.642014,3580.413431,8561.104642,0.032706878
M,Fine Crackles,LLSB,L0045,-4.1e-06,0.003372939,-0.04547586,0.036976274,0.003372942,0.10640024,4111.604659,3591.479549,8686.991061,0.033490224
F,Normal,LMA,L0046,-6.96e-07,0.001613831,-0.006779681,0.005775984,0.001613832,0.106689453,4332.890355,3587.695909,8924.187575,0.038700034
F,Normal,LMA,L0046,1.24e-07,0.001760531,-0.009141335,0.010012853,0.001760531,0.113161058,3943.762045,3594.768975,8485.324331,0.040458346
F,Normal,LMA,L0046,-7.68e-06,0.002661295,-0.0192798,0.021325257,0.002661306,0.108811599,4068.183132,3585.069713,8620.900691,0.03111877
F,Normal,LMA,L0046,2.31e-05,0.00224857,-0.019745998,0.019542478,0.002248689,0.110490535,4521.446641,3511.962773,8927.086276,0.08543854
F,Normal,LMA,L0046,-1.62e-05,0.002239011,-0.01852571,0.01333439,0.002239069,0.109735577,4451.927697,3544.521616,8891.14239,0.086858897
M,Rhonchi,RMA,L0047,-1.63e-06,0.00687534,-0.03602541,0.035065852,0.00687534,0.111057692,4839.428192,3496.606868,9310.128831,0.059599704
M,Rhonchi,RMA,L0047,-4.01e-06,0.004247801,-0.02479051,0.021886537,0.004247803,0.102730619,4222.937313,3588.517356,8822.15332,0.024490546
M,Rhonchi,RMA,L0047,9.29e-06,0.004407745,-0.023263488,0.019807886,0.004407755,0.106787109,4927.52833,3511.674348,9386.737342,0.061956209
M,Rhonchi,RMA,L0047,-8.46e-06,0.004254551,-0.023278562,0.024677888,0.004254559,0.105818059,4291.591223,3555.355421,8848.655724,0.035940306
M,Rhonchi,RMA,L0047,3.54e-06,0.003727193,-0.024719669,0.028250027,0.003727195,0.106584285,4315.873572,3605.52603,8833.168382,0.023042442
F,Wheezing,RLA,L0048,-5.63e-07,0.000596413,-0.002418437,0.003422441,0.000596413,0.122983023,3637.70112,3525.738055,8266.76232,0.044672544
F,Wheezing,RLA,L0048,1.75e-08,0.000472953,-0.002729086,0.002681488,0.000472953,0.112800481,4113.263863,3572.251448,8695.273062,0.050683018
F,Wheezing,RLA,L0048,-4.34e-07,0.000597538,-0.00294162,0.002996962,0.000597538,0.118201623,3720.747143,3537.551512,8337.73907,0.042239536
F,Wheezing,RLA,L0048,1.18e-06,0.000396175,-0.002815114,0.003069569,0.000396177,0.118055138,4047.226619,3549.701503,8610.79665,0.075191833
F,Wheezing,RLA,L0048,-1.35e-08,0.000693017,-0.003635441,0.004471967,0.000693017,0.11631235,4220.066474,3558.891051,8768.817233,0.064602272
M,Rhonchi,RUA,L0049,1.49e-06,0.001425614,-0.010118173,0.008820483,0.001425615,0.111538462,3626.809913,3552.995902,8195.702749,0.030804765
M,Rhonchi,RUA,L0049,2.45e-06,0.001033116,-0.005400734,0.005164011,0.001033119,0.099045974,4392.416821,3596.266888,8955.41072,0.033571713
M,Rhonchi,RUA,L0049,-3.79e-06,0.001349025,-0.005617193,0.00514673,0.00134903,0.106933594,4444.021853,3573.804815,8997.400466,0.054087515
M,Rhonchi,RUA,L0049,2.22e-06,0.001130322,-0.006185146,0.004766383,0.001130324,0.104916617,4138.452381,3594.197785,8711.422964,0.038771114
M,Rhonchi,RUA,L0049,2.1e-06,0.001311301,-0.005319438,0.007551292,0.001311303,0.107230319,4539.027195,3578.168832,9076.990497,0.041512713
F,Wheezing,LUSB,L0050,-3.07e-05,0.011260951,-0.075016275,0.061388437,0.011260993,0.11175631,4763.905659,3522.100793,9225.569599,0.0590919
F,Wheezing,LUSB,L0050,1.69e-06,0.007492346,-0.04486984,0.035938703,0.007492346,0.112992037,4135.325229,3565.784714,8754.24091,0.033412
F,Wheezing,LUSB,L0050,2.07e-06,0.008950257,-0.08275688,0.06776382,0.008950258,0.108079177,5057.463726,3428.39902,9377.792781,0.091913492
F,Wheezing,LUSB,L0050,-2e-07,0.010270189,-0.06515475,0.055973195,0.010270189,0.113690655,3730.494308,3554.524874,8325.895808,0.027000394
F,Wheezing,LUSB,L0050,-1.32e-06,0.005871707,-0.032786317,0.0319442,0.005871707,0.107279147,4899.038951,3465.353397,9290.997408,0.058101583
F,Normal,RC,L0051,-4.48e-07,0.00054774,-0.004354344,0.004459505,0.00054774,0.119001653,4087.085867,3525.685678,8617.836351,0.046068771
F,Normal,RC,L0051,2.05e-07,0.000393717,-0.002044713,0.001803856,0.000393717,0.122592398,4312.588624,3553.754059,8910.770733,0.064252938
F,Normal,RC,L0051,-7.01e-07,0.000470617,-0.003428719,0.004096018,0.000470617,0.124391526,3971.239374,3524.365635,8562.015663,0.085095018
F,Normal,RC,L0051,4.27e-07,0.000480787,-0.003664012,0.004187471,0.000480787,0.121446815,4781.25827,3486.80757,9221.262958,0.082880526
F,Normal,RC,L0051,-9.16e-08,0.000395175,-0.002611757,0.002359227,0.000395175,0.127426382,3849.095368,3536.074389,8467.518029,0.063546425
F,Pleural Rub,LC,L0052,-8.4e-06,0.004765895,-0.032654136,0.028383628,0.004765903,0.112747897,4803.391717,3470.221913,9247.268442,0.077168189
F,Pleural Rub,LC,L0052,4.1e-06,0.00396729,-0.027681978,0.028144406,0.003967292,0.107542067,4079.021505,3582.006719,8698.171762,0.02719455
F,Pleural Rub,LC,L0052,2.82e-06,0.004687317,-0.03646401,0.030727196,0.004687318,0.110340294,4414.733565,3523.241553,8978.020583,0.038193208
F,Pleural Rub,LC,L0052,-4.97e-06,0.004120901,-0.03169951,0.02536235,0.004120904,0.108214393,4251.526224,3573.138164,8869.195087,0.029897306
F,Pleural Rub,LC,L0052,-1.37e-06,0.005350368,-0.032150693,0.026100744,0.005350368,0.111095252,4502.711433,3551.457947,9079.889198,0.030648328
F,Coarse Crackles,LLSB,L0053,1.3e-05,0.008176999,-0.08838884,0.07931576,0.008177009,0.097765174,4655.674813,3558.068277,9143.826247,0.035424353
F,Coarse Crackles,LLSB,L0053,-4.18e-06,0.003767503,-0.01982614,0.021703998,0.003767506,0.100334285,4410.872038,3605.799363,8988.041804,0.020178227
F,Coarse Crackles,LLSB,L0053,4.81e-06,0.005272213,-0.023748824,0.024201998,0.005272216,0.096011118,4265.468823,3609.465266,8776.933594,0.0161919
F,Coarse Crackles,LLSB,L0053,7.44e-07,0.003819715,-0.014973752,0.016515108,0.003819715,0.095917218,4415.134273,3603.272386,8985.225924,0.024383883
F,Coarse Crackles,LLSB,L0053,-3.6e-06,0.004229459,-0.021877557,0.02733937,0.004229461,0.096540715,4715.458166,3579.363537,9297.457369,0.018528835
F,Wheezing,RUSB,L0054,-5.32e-06,0.006152444,-0.02872241,0.028411448,0.006152447,0.102978516,4706.166428,3531.517559,9193.518254,0.055698921
F,Wheezing,RUSB,L0054,5.22e-06,0.006717342,-0.030304682,0.032434467,0.006717344,0.111095252,3819.747986,3568.79498,8417.163462,0.02893175
F,Wheezing,RUSB,L0054,-2.77e-06,0.005190039,-0.024900215,0.030278988,0.00519004,0.105232121,4613.280956,3538.651769,9104.403921,0.042274244
F,Wheezing,RUSB,L0054,-5.65e-06,0.005494095,-0.019740334,0.020021748,0.005494098,0.114396785,3803.362651,3573.863726,8359.106633,0.031182634
F,Wheezing,RUSB,L0054,5.63e-07,0.004162764,-0.027783833,0.02332811,0.004162764,0.107102614,4267.932455,3573.683847,8810.310059,0.030022738
M,Fine Crackles,RC,L0055,-3.13e-07,0.001469487,-0.017721526,0.0162778,0.001469487,0.098659105,4572.415015,3558.933088,9089.496319,0.042354883
M,Fine Crackles,RC,L0055,-6.83e-07,0.00114788,-0.009490735,0.013049636,0.00114788,0.115189303,4540.369293,3539.246437,9036.574331,0.076526976
M,Fine Crackles,RC,L0055,-1.16e-06,0.001030977,-0.006774295,0.010688666,0.001030978,0.105434946,3916.368831,3599.289609,8413.519381,0.022739011
M,Fine Crackles,RC,L0055,1.93e-06,0.002048544,-0.017091054,0.016083684,0.002048545,0.103158804,4438.18155,3562.634777,8942.904898,0.040540436
M,Fine Crackles,RC,L0055,-8.67e-07,0.000916646,-0.005474267,0.004933954,0.000916647,0.110836088,4034.910481,3579.116654,8595.474947,0.03714135
F,Rhonchi,LUSB,L0056,-5.2e-06,0.002638603,-0.015711328,0.014150463,0.002638609,0.101164363,4833.128733,3516.33194,9328.846154,0.043840015
F,Rhonchi,LUSB,L0056,4.58e-06,0.003578346,-0.016389115,0.013779176,0.003578349,0.108815355,4609.097627,3541.185028,9115.418983,0.054638208
F,Rhonchi,LUSB,L0056,-3e-06,0.0034344,-0.020993128,0.020871364,0.003434401,0.105010517,4253.182258,3583.439401,8847.496244,0.026220236
F,Rhonchi,LUSB,L0056,6.2e-07,0.003847015,-0.026429636,0.018279497,0.003847015,0.103928786,4561.50945,3571.288289,9083.036358,0.038178297
F,Rhonchi,LUSB,L0056,6.25e-06,0.004301824,-0.023687419,0.024746327,0.004301829,0.106708233,3972.203532,3577.159552,8570.463304,0.02921165
F,Coarse Crackles,RLA,L0057,-5.83e-07,0.00065741,-0.003041027,0.003241531,0.000657411,0.111914063,4085.584319,3586.783768,8628.768592,0.051123932
F,Coarse Crackles,RLA,L0057,1.64e-07,0.000355402,-0.002678024,0.003299779,0.000355402,0.116323618,3913.301453,3563.528804,8504.869854,0.051923719
F,Coarse Crackles,RLA,L0057,4.18e-08,0.000397398,-0.003953329,0.002916287,0.000397398,0.120169772,3778.185957,3560.537276,8352.149752,0.056330639
F,Coarse Crackles,RLA,L0057,-2.7e-07,0.000338815,-0.002810841,0.004405284,0.000338815,0.113108474,3848.376659,3559.454637,8411.283241,0.057281023
F,Coarse Crackles,RLA,L0057,1.68e-07,0.000354687,-0.00321578,0.003108357,0.000354687,0.120951022,3649.237419,3544.822991,8240.259916,0.052909153
M,Rhonchi,RUSB,L0058,1.2e-05,0.007126587,-0.05155471,0.04640523,0.007126597,0.102693059,4619.31189,3562.057643,9106.971342,0.054622932
M,Rhonchi,RUSB,L0058,6.19e-06,0.005109452,-0.031205699,0.030945607,0.005109456,0.100597206,4443.130282,3594.397522,9007.670147,0.02954869
M,Rhonchi,RUSB,L0058,-1.14e-05,0.005608183,-0.04473671,0.06829798,0.005608195,0.106561749,4032.743147,3569.155534,8649.639235,0.028764206
M,Rhonchi,RUSB,L0058,1.07e-05,0.003964596,-0.022371922,0.023839133,0.00396461,0.103549429,4281.20505,3603.172114,8785.298415,0.028482724
M,Rhonchi,RUSB,L0058,-1.47e-06,0.004845887,-0.038741272,0.038063932,0.004845887,0.107249099,4249.775716,3523.777709,8798.880897,0.03253473
F,Pleural Rub,RLA,L0059,9.45e-06,0.004747133,-0.024630442,0.025342759,0.004747143,0.099380258,4648.67937,3559.65171,9140.596267,0.038395853
F,Pleural Rub,RLA,L0059,8.88e-06,0.003781217,-0.02978532,0.03326571,0.003781228,0.098133263,4600.626242,3577.151846,9147.553148,0.036593605
F,Pleural Rub,RLA,L0059,-3.83e-06,0.00253708,-0.01616215,0.01450504,0.002537083,0.106351412,4290.33266,3569.497583,8803.850098,0.050299695
F,Pleural Rub,RLA,L0059,-1.48e-06,0.002530732,-0.014937667,0.014664367,0.002530732,0.101645132,4332.626868,3628.206462,8893.461351,0.021354914
F,Pleural Rub,RLA,L0059,3.19e-06,0.002715276,-0.028931912,0.024482315,0.002715278,0.110107422,4214.635108,3598.592275,8792.835036,0.040905085
M,Wheezing,LMA,L0060,1.17e-05,0.016534045,-0.15585546,0.1918975,0.016534049,0.109660457,4649.579501,3487.467335,9038.976112,0.031691836
M,Wheezing,LMA,L0060,-5e-06,0.005344748,-0.025484651,0.02231571,0.00534475,0.103988882,4418.575538,3555.116349,8924.601675,0.059441854
M,Wheezing,LMA,L0060,4.87e-06,0.007091547,-0.03898021,0.03528329,0.007091548,0.10565655,5154.358886,3427.413578,9509.0625,0.060934121
M,Wheezing,LMA,L0060,-1.04e-06,0.005706683,-0.029996123,0.032532185,0.005706683,0.111001352,3761.427733,3581.477169,8279.019681,0.024593785
M,Wheezing,LMA,L0060,1.02e-06,0.004156682,-0.021372367,0.025119996,0.004156683,0.108976863,4752.032505,3523.88526,9215.714017,0.053194014
F,Rhonchi,LLSB,L0061,1.08e-06,0.002718741,-0.030613724,0.031411245,0.002718742,0.096202674,4424.625135,3607.568918,9005.516827,0.018041517
F,Rhonchi,LLSB,L0061,8.48e-06,0.002423665,-0.008587636,0.010502811,0.00242368,0.107279147,4240.891985,3613.35109,8774.200533,0.036539429
F,Rhonchi,LLSB,L0061,-2.51e-06,0.002653586,-0.013674114,0.012847889,0.002653587,0.1013747,4383.56105,3579.307421,8899.341572,0.038370767
F,Rhonchi,LLSB,L0061,-7.43e-06,0.004114027,-0.04359958,0.04204793,0.004114034,0.09988732,4454.894922,3605.532191,9006.345027,0.032421571
F,Rhonchi,LLSB,L0061,8.4e-07,0.003044309,-0.014873325,0.016703036,0.003044309,0.102967248,4252.868995,3613.404573,8809.564678,0.026627994
F,Coarse Crackles,RMA,L0062,-2.14e-06,0.004343178,-0.019824881,0.02533799,0.004343178,0.099966196,4545.553099,3583.302576,9081.876878,0.020502507
F,Coarse Crackles,RMA,L0062,1.87e-07,0.002581033,-0.014878126,0.010165141,0.002581033,0.100390625,4298.396927,3587.594112,8854.784405,0.03022971
F,Coarse Crackles,RMA,L0062,1.16e-06,0.002999867,-0.020598967,0.022410877,0.002999867,0.096886268,4729.823916,3545.289257,9215.134277,0.039811126
F,Coarse Crackles,RMA,L0062,-2.98e-06,0.003002266,-0.023421366,0.021654077,0.003002268,0.106486629,4023.266917,3593.13999,8557.129282,0.03605896
F,Coarse Crackles,RMA,L0062,6.79e-06,0.003093319,-0.021895975,0.025328133,0.003093326,0.100863882,4584.572925,3551.35077,9071.524377,0.025741718
F,Pleural Rub,RUA,L0063,-5.86e-07,0.001422261,-0.013122247,0.012144049,0.001422261,0.117705829,3818.812854,3561.172956,8438.613845,0.031953597
F,Pleural Rub,RUA,L0063,7.65e-07,0.002094024,-0.01840235,0.016149534,0.002094025,0.12096229,5486.970697,3206.504067,9531.341083,0.07500369
F,Pleural Rub,RUA,L0063,6.56e-08,0.002666699,-0.0199816,0.018923033,0.002666699,0.127339994,3798.271491,3524.097462,8484.082031,0.045126322
F,Pleural Rub,RUA,L0063,-5.79e-08,0.001241916,-0.011321952,0.01118252,0.001241916,0.114858774,5840.427754,3169.929393,9778.475999,0.115022571
F,Pleural Rub,RUA,L0063,4.37e-08,0.003091923,-0.022012496,0.01954206,0.003091923,0.129811448,4726.093909,3359.894413,9055.208834,0.067170143
M,Pleural Rub,Apex,L0064,4.12e-06,0.001628238,-0.012793059,0.013630522,0.001628243,0.106978666,4424.50902,3560.723798,8989.201285,0.044952746
M,Pleural Rub,Apex,L0064,1.87e-07,0.002057797,-0.010448574,0.009704448,0.002057797,0.100277945,4023.715068,3618.179869,8545.78294,0.024991486
M,Pleural Rub,Apex,L0064,-1.25e-06,0.001829492,-0.022024844,0.016699502,0.001829492,0.105292218,4496.679271,3539.466632,8974.045222,0.0618065
M,Pleural Rub,Apex,L0064,2.32e-07,0.00218224,-0.013919259,0.01472286,0.00218224,0.105495042,3984.481649,3586.713671,8494.186073,0.026339834
M,Pleural Rub,Apex,L0064,1.3e-06,0.001320513,-0.012528318,0.00935304,0.001320514,0.107786208,4004.328242,3598.985813,8535.347619,0.026948394
F,Pleural Rub,Apex,L0065,6.18e-07,0.001117103,-0.008941424,0.010001733,0.001117103,0.123448768,4450.395736,3500.835664,8957.72968,0.075057614
F,Pleural Rub,Apex,L0065,1.09e-07,0.004589186,-0.031983633,0.03409765,0.004589186,0.106253756,4535.536164,3559.524028,9022.080829,0.02263584
F,Pleural Rub,Apex,L0065,2.3e-07,0.000516779,-0.003635522,0.003655264,0.000516779,0.120736929,4561.124778,3500.509087,9063.656475,0.083367453
F,Pleural Rub,Apex,L0065,-4.42e-07,0.000505919,-0.004199197,0.00326326,0.00050592,0.116740535,3679.907112,3556.934105,8254.173678,0.035337195
F,Pleural Rub,Apex,L0065,-2.14e-07,0.000571071,-0.004170753,0.003804567,0.000571071,0.123294772,3678.557032,3552.878502,8286.721943,0.04132074
M,Normal,LLSB,L0066,1.03e-06,0.015184105,-0.17402819,0.1899615,0.015184105,0.097829026,4952.93543,3487.534252,9348.391677,0.020352357
M,Normal,LLSB,L0066,-5.92e-06,0.011093522,-0.1812208,0.17023133,0.011093524,0.103354117,4205.031575,3603.071199,8749.27171,0.027388376
M,Normal,LLSB,L0066,-7.38e-06,0.005400928,-0.03307638,0.03554452,0.005400933,0.103538161,3909.216591,3600.083537,8424.037523,0.028256846
M,Normal,LLSB,L0066,6.88e-06,0.006407593,-0.044548262,0.07638114,0.006407597,0.098508864,4469.052343,3582.907351,8991.934345,0.031986867
M,Normal,LLSB,L0066,-6.07e-06,0.004101199,-0.020872183,0.025417503,0.004101204,0.107801232,4152.689393,3609.27959,8707.530424,0.039244696
F,Rhonchi,RUA,L0067,-8.67e-06,0.030213928,-0.39901203,0.5550306,0.03021393,0.104480919,4927.488718,3399.017965,9244.618202,0.029298699
F,Rhonchi,RUA,L0067,-6.87e-06,0.005357973,-0.03149425,0.031158272,0.005357977,0.096105018,4635.530687,3582.871434,9221.097318,0.027232592
F,Rhonchi,RUA,L0067,2.1e-05,0.007575238,-0.055976316,0.064490795,0.007575268,0.106002103,4045.733406,3595.363659,8595.226487,0.039318383
F,Rhonchi,RUA,L0067,-9.85e-06,0.007098199,-0.048724376,0.06271893,0.007098206,0.100980319,4468.449342,3600.988699,9045.187613,0.021192066
F,Rhonchi,RUA,L0067,7.66e-06,0.007237477,-0.074751474,0.09060304,0.007237481,0.109953425,4288.504293,3588.885098,8860.830266,0.045347753
M,Fine Crackles,RUSB,L0068,5.25e-06,0.006835433,-0.048639257,0.042462148,0.006835435,0.109574069,4026.568348,3564.119001,8666.120418,0.032752477
M,Fine Crackles,RUSB,L0068,-1.5e-05,0.004848391,-0.045710795,0.03449793,0.004848414,0.104589844,4456.023555,3563.873276,9030.197191,0.035995807
M,Fine Crackles,RUSB,L0068,4.82e-06,0.005566077,-0.051045105,0.053853776,0.00556608,0.113416466,4161.427785,3520.739762,8675.396259,0.050123931
M,Fine Crackles,RUSB,L0068,1.48e-05,0.005633385,-0.03787746,0.033467866,0.005633405,0.101596304,4637.728979,3545.404789,9154.261569,0.033162321
M,Fine Crackles,RUSB,L0068,-6.17e-06,0.004445449,-0.025879465,0.025341114,0.004445453,0.113303786,4678.584335,3519.242768,9157.491549,0.093779574
M,Coarse Crackles,RLA,L0069,1.62e-07,0.001561223,-0.016800622,0.016468428,0.001561223,0.121311599,3655.042664,3520.338201,8257.155198,0.047378486
M,Coarse Crackles,RLA,L0069,-8.02e-07,0.000983613,-0.013262543,0.016115153,0.000983613,0.120673077,3721.400713,3539.197305,8356.373573,0.050243566
M,Coarse Crackles,RLA,L0069,7.81e-07,0.001046929,-0.009592401,0.010399275,0.001046929,0.112747897,4908.951822,3425.304089,9318.907752,0.080582308
M,Coarse Crackles,RLA,L0069,-9.21e-07,0.001359574,-0.015263202,0.018956807,0.001359574,0.127982272,3606.300735,3505.632634,8280.427622,0.060024059
M,Coarse Crackles,RLA,L0069,5.47e-07,0.000714384,-0.009583609,0.009902872,0.000714384,0.114378005,4966.618089,3471.19386,9371.33282,0.126463614
F,Normal,LUA,L0070,1.86e-06,0.004458181,-0.021924714,0.021091994,0.004458181,0.125461989,4061.528458,3498.866934,8683.26416,0.057324342
F,Normal,LUA,L0070,-1.19e-06,0.003923065,-0.02513238,0.021008201,0.003923065,0.120301232,3903.117688,3538.391963,8575.598145,0.035892161
F,Normal,LUA,L0070,9.75e-07,0.004691027,-0.023193661,0.024221445,0.004691027,0.118490835,4622.884529,3412.458272,9064.070575,0.055832895
F,Normal,LUA,L0070,-8.13e-07,0.004219057,-0.022357289,0.023047458,0.004219058,0.124714543,3638.811315,3506.222642,8343.619291,0.039132945
F,Normal,LUA,L0070,-4.44e-07,0.003996489,-0.02210195,0.020949569,0.003996489,0.116361178,5412.835182,3278.410241,9520.905762,0.094676112
M,Rhonchi,RUSB,L0071,1.2e-05,0.007126587,-0.05155471,0.04640523,0.007126597,0.102693059,4619.31189,3562.057643,9106.971342,0.054622932
M,Rhonchi,RUSB,L0071,6.19e-06,0.005109452,-0.031205699,0.030945607,0.005109456,0.100597206,4443.130282,3594.397522,9007.670147,0.02954869
M,Rhonchi,RUSB,L0071,-1.14e-05,0.005608183,-0.04473671,0.06829798,0.005608195,0.106561749,4032.743147,3569.155534,8649.639235,0.028764206
M,Rhonchi,RUSB,L0071,1.07e-05,0.003964596,-0.022371922,0.023839133,0.00396461,0.103549429,4281.20505,3603.172114,8785.298415,0.028482724
M,Rhonchi,RUSB,L0071,-1.47e-06,0.004845887,-0.038741272,0.038063932,0.004845887,0.107249099,4249.775716,3523.777709,8798.880897,0.03253473
M,Pleural Rub,Apex,L0072,4.12e-06,0.001628238,-0.012793059,0.013630522,0.001628243,0.106978666,4424.50902,3560.723798,8989.201285,0.044952746
M,Pleural Rub,Apex,L0072,1.87e-07,0.002057797,-0.010448574,0.009704448,0.002057797,0.100277945,4023.715068,3618.179869,8545.78294,0.024991486
M,Pleural Rub,Apex,L0072,-1.25e-06,0.001829492,-0.022024844,0.016699502,0.001829492,0.105292218,4496.679271,3539.466632,8974.045222,0.0618065
M,Pleural Rub,Apex,L0072,2.32e-07,0.00218224,-0.013919259,0.01472286,0.00218224,0.105495042,3984.481649,3586.713671,8494.186073,0.026339834
M,Pleural Rub,Apex,L0072,1.3e-06,0.001320513,-0.012528318,0.00935304,0.001320514,0.107786208,4004.328242,3598.985813,8535.347619,0.026948394
M,Pleural Rub,LMA,L0073,1.77e-06,0.000850791,-0.005889745,0.006485331,0.000850793,0.110614483,4051.931489,3584.334462,8625.869892,0.038276364
M,Pleural Rub,LMA,L0073,-1.22e-06,0.000922108,-0.006975874,0.007532385,0.000922108,0.106633113,3992.325228,3583.401785,8549.427021,0.033670655
M,Pleural Rub,LMA,L0073,1.2e-06,0.000911236,-0.005884891,0.007348693,0.000911237,0.109476412,4115.174779,3577.897431,8753.82681,0.032978467
M,Pleural Rub,LMA,L0073,1.48e-06,0.000918458,-0.006405431,0.007994376,0.000918459,0.10876277,3843.972732,3572.648341,8418.240122,0.033165782
M,Pleural Rub,LMA,L0073,-3.65e-06,0.000845875,-0.006309401,0.00679432,0.000845883,0.105889423,5106.324128,3453.197167,9494.983098,0.071637828
F,Normal,RUA,L0074,-2.61e-06,0.003977849,-0.032525774,0.028763207,0.00397785,0.112868089,5142.049633,3350.693364,9387.565542,0.091432793
F,Normal,RUA,L0074,7.01e-06,0.007944224,-0.04703687,0.040138684,0.007944227,0.121183894,4320.28767,3544.861397,8880.210149,0.065319696
F,Normal,RUA,L0074,-8.96e-06,0.005442061,-0.03149488,0.029556833,0.005442068,0.110903696,4271.608314,3559.656022,8904.642052,0.039281169
F,Normal,RUA,L0074,6.22e-06,0.006083001,-0.027313657,0.029026728,0.006083004,0.118490835,4223.115048,3532.342762,8790.516076,0.063095885
F,Normal,RUA,L0074,4.39e-06,0.005195591,-0.0254277,0.031309355,0.005195593,0.118160306,3832.501139,3554.907695,8436.874624,0.036433673
F,Pleural Rub,LUSB,L0075,4.44e-06,0.004330154,-0.034643322,0.041664988,0.004330156,0.107211538,4827.499379,3422.766513,9179.273212,0.083268287
F,Pleural Rub,LUSB,L0075,-3.76e-07,0.003110726,-0.027970951,0.023399457,0.003110726,0.108901743,4037.612817,3586.492534,8637.713154,0.027144274
F,Pleural Rub,LUSB,L0075,3.39e-07,0.00421552,-0.03734602,0.046655376,0.00421552,0.107519531,4175.333367,3557.504734,8772.544133,0.0375071
F,Pleural Rub,LUSB,L0075,-2.9e-06,0.00560685,-0.060400274,0.071573325,0.005606851,0.108728966,4563.44338,3500.084824,9058.687275,0.0322829
F,Pleural Rub,LUSB,L0075,-8.95e-07,0.003349909,-0.034932397,0.02425889,0.003349909,0.112116887,4650.635508,3484.180186,9169.251991,0.038851809
F,Fine Crackles,LMA,L0076,-7.54e-06,0.005055613,-0.036191173,0.035678662,0.005055618,0.113517879,4439.097331,3508.420812,8958.06096,0.055950338
F,Fine Crackles,LMA,L0076,1.71e-07,0.003781478,-0.023716636,0.020883242,0.003781478,0.109566556,4517.106199,3540.1373,9011.976788,0.043212652
F,Fine Crackles,LMA,L0076,4.3e-07,0.003546268,-0.023021583,0.026491968,0.003546268,0.1171875,3759.776554,3537.722274,8390.826698,0.039622059
F,Fine Crackles,LMA,L0076,-5.42e-08,0.002473569,-0.014816145,0.016088668,0.002473569,0.098813101,4768.76178,3517.871618,9246.937162,0.048623749
F,Fine Crackles,LMA,L0076,1.97e-07,0.00258503,-0.013455072,0.014168745,0.00258503,0.11640625,4602.061343,3531.496116,9101.670861,0.077627857
F,Rhonchi,RUA,L0077,-8.67e-06,0.030213928,-0.39901203,0.5550306,0.03021393,0.104480919,4927.488718,3399.017965,9244.618202,0.029298699
F,Rhonchi,RUA,L0077,-6.87e-06,0.005357973,-0.03149425,0.031158272,0.005357977,0.096105018,4635.530687,3582.871434,9221.097318,0.027232592
F,Rhonchi,RUA,L0077,2.1e-05,0.007575238,-0.055976316,0.064490795,0.007575268,0.106002103,4045.733406,3595.363659,8595.226487,0.039318383
F,Rhonchi,RUA,L0077,-9.85e-06,0.007098199,-0.048724376,0.06271893,0.007098206,0.100980319,4468.449342,3600.988699,9045.187613,0.021192066
F,Rhonchi,RUA,L0077,7.66e-06,0.007237477,-0.074751474,0.09060304,0.007237481,0.109953425,4288.504293,3588.885098,8860.830266,0.045347753
M,Normal,RMA,L0078,-1.68e-06,0.001373909,-0.011970917,0.012659028,0.00137391,0.114021184,5091.196609,3436.931238,9487.612117,0.069240191
M,Normal,RMA,L0078,1e-06,0.001709509,-0.00802232,0.007057818,0.00170951,0.130423678,3805.869837,3517.204261,8502.633714,0.055184675
M,Normal,RMA,L0078,-1.29e-06,0.001137946,-0.006897572,0.006201011,0.001137946,0.112169471,5067.883223,3442.364452,9431.377329,0.095354369
M,Normal,RMA,L0078,2.26e-06,0.002047005,-0.008219955,0.008679997,0.002047007,0.129439603,4320.776769,3512.334774,8854.784405,0.081771
M,Normal,RMA,L0078,-1.79e-06,0.001328117,-0.008817092,0.007239497,0.001328118,0.116631611,4495.44685,3491.414177,9042.123272,0.082615069
F,Coarse Crackles,LC,L0079,-5.21e-06,0.008491779,-0.1186867,0.119450234,0.008491781,0.106065956,4354.148161,3582.101464,8889.15471,0.049762047
F,Coarse Crackles,LC,L0079,1.84e-06,0.001981209,-0.012301312,0.014979385,0.00198121,0.100477013,4085.333511,3613.991379,8587.938326,0.020739145
F,Coarse Crackles,LC,L0079,-1.47e-07,0.002268466,-0.02036215,0.018984824,0.002268466,0.103834886,4655.222012,3519.863561,9104.818021,0.032276995
F,Coarse Crackles,LC,L0079,1.22e-06,0.001049221,-0.013642121,0.012882041,0.001049222,0.105078125,4357.907549,3604.830447,8912.178673,0.03598854
F,Coarse Crackles,LC,L0079,-3.96e-06,0.001052235,-0.00605377,0.005771902,0.001052242,0.106989934,4428.174227,3574.90649,8994.667405,0.039508707
M,Pleural Rub,LUSB,L0080,4.44e-06,0.004330154,-0.034643322,0.041664988,0.004330156,0.107211538,4827.499379,3422.766513,9179.273212,0.083268287
M,Pleural Rub,LUSB,L0080,-3.76e-07,0.003110726,-0.027970951,0.023399457,0.003110726,0.108901743,4037.612817,3586.492534,8637.713154,0.027144274
M,Pleural Rub,LUSB,L0080,3.39e-07,0.00421552,-0.03734602,0.046655376,0.00421552,0.107519531,4175.333367,3557.504734,8772.544133,0.0375071
M,Pleural Rub,LUSB,L0080,-2.9e-06,0.00560685,-0.060400274,0.071573325,0.005606851,0.108728966,4563.44338,3500.084824,9058.687275,0.0322829
M,Pleural Rub,LUSB,L0080,-8.95e-07,0.003349909,-0.034932397,0.02425889,0.003349909,0.112116887,4650.635508,3484.180186,9169.251991,0.038851809
F,Wheezing,LLSB,L0081,1.74e-06,0.005904385,-0.058928356,0.06877877,0.005904385,0.101799129,4869.487324,3511.298762,9336.631235,0.032876826
F,Wheezing,LLSB,L0081,-3.53e-07,0.004111616,-0.045236886,0.024384258,0.004111616,0.099891076,4058.455469,3613.731663,8595.474947,0.025969872
F,Wheezing,LLSB,L0081,-3.46e-06,0.003165389,-0.05329722,0.032597616,0.00316539,0.105018029,3915.453527,3607.747113,8427.101863,0.025228007
F,Wheezing,LLSB,L0081,9.55e-07,0.002573333,-0.022862447,0.019170705,0.002573333,0.100364333,4594.831684,3563.388183,9117.903583,0.049482567
F,Wheezing,LLSB,L0081,3.18e-06,0.003654088,-0.026967403,0.025888473,0.003654089,0.109164663,4500.505136,3573.600163,9010.568848,0.028035345
F,Fine Crackles,LUA,L0082,-1.9e-05,0.00513785,-0.019473458,0.019938763,0.005137885,0.101476112,4251.587149,3612.118368,8815.941819,0.026947323
F,Fine Crackles,LUA,L0082,5.71e-06,0.003280336,-0.023049455,0.019228365,0.003280341,0.101186899,4154.046104,3585.682161,8689.972581,0.036648051
F,Fine Crackles,LUA,L0082,-4.34e-06,0.003067546,-0.022900335,0.027067173,0.003067549,0.106129808,4316.534387,3552.455857,8832.257362,0.031299863
F,Fine Crackles,LUA,L0082,6.38e-06,0.00232278,-0.019568458,0.017717194,0.002322789,0.102073317,4022.642014,3580.413431,8561.104642,0.032706878
F,Fine Crackles,LUA,L0082,-4.1e-06,0.003372939,-0.04547586,0.036976274,0.003372942,0.10640024,4111.604659,3591.479549,8686.991061,0.033490224
M,Pleural Rub,LLSB,L0083,1.69e-06,0.004987802,-0.024166081,0.023065887,0.004987802,0.102478966,4458.332017,3575.692491,8957.14994,0.022037939
M,Pleural Rub,LLSB,L0083,-6.78e-06,0.006126201,-0.058655336,0.046145484,0.006126205,0.098910757,4412.560957,3598.927903,8932.718036,0.030546956
M,Pleural Rub,LLSB,L0083,-4.39e-06,0.004073677,-0.034166515,0.029225754,0.004073679,0.099996244,4228.976478,3608.633227,8746.373009,0.022995702
M,Pleural Rub,LLSB,L0083,-2.15e-05,0.007207109,-0.11004487,0.06997408,0.007207141,0.098035607,4276.42319,3590.716407,8781.405874,0.018402142
M,Pleural Rub,LLSB,L0083,1.34e-05,0.008237596,-0.05907564,0.05175699,0.008237606,0.099402794,4542.686643,3570.249352,9004.026067,0.028316638
M,Normal,LMA,L0084,-5.99e-06,0.011371029,-0.17678787,0.19137675,0.011371031,0.104060246,4487.030167,3531.716661,8975.784443,0.047844627
M,Normal,LMA,L0084,1.19e-05,0.005224501,-0.03642491,0.03960685,0.005224514,0.106347656,3902.901894,3599.424712,8461.472168,0.030105314
M,Normal,LMA,L0084,-1.09e-05,0.006277728,-0.025461107,0.028725034,0.006277738,0.097400841,4466.727027,3594.933678,9035.580491,0.030872272
M,Normal,LMA,L0084,2.52e-06,0.007674338,-0.052658252,0.054317437,0.007674338,0.106865986,4214.832464,3610.144107,8763.268292,0.028719365
M,Normal,LMA,L0084,-6.94e-06,0.005777379,-0.028998705,0.02950924,0.005777383,0.099932392,4557.983766,3601.848449,9159.727689,0.024798518
F,Rhonchi,LC,L0085,1.21e-05,0.005248903,-0.027535083,0.023494527,0.005248917,0.107838792,3796.639409,3574.271735,8397.038199,0.02785783
F,Rhonchi,LC,L0085,-5.35e-06,0.003776872,-0.02409231,0.03068744,0.003776876,0.097107873,4818.569257,3530.153025,9273.025466,0.04964981
F,Rhonchi,LC,L0085,-4.29e-06,0.004282152,-0.023120858,0.020933125,0.004282154,0.107575871,4008.122939,3568.183359,8617.173791,0.037465466
F,Rhonchi,LC,L0085,4.88e-06,0.004962254,-0.049200773,0.05917587,0.004962256,0.100446965,4506.775677,3560.739307,9070.613356,0.030010013
F,Rhonchi,LC,L0085,-3.82e-06,0.004303663,-0.01838767,0.017767474,0.004303665,0.10842473,4580.445784,3535.031086,9068.211576,0.056694776
M,Wheezing,LMA,L0086,1.17e-05,0.016534045,-0.15585546,0.1918975,0.016534049,0.109660457,4649.579501,3487.467335,9038.976112,0.031691836
M,Wheezing,LMA,L0086,-5e-06,0.005344748,-0.025484651,0.02231571,0.00534475,0.103988882,4418.575538,3555.116349,8924.601675,0.059441854
M,Wheezing,LMA,L0086,4.87e-06,0.007091547,-0.03898021,0.03528329,0.007091548,0.10565655,5154.358886,3427.413578,9509.0625,0.060934121
M,Wheezing,LMA,L0086,-1.04e-06,0.005706683,-0.029996123,0.032532185,0.005706683,0.111001352,3761.427733,3581.477169,8279.019681,0.024593785
M,Wheezing,LMA,L0086,1.02e-06,0.004156682,-0.021372367,0.025119996,0.004156683,0.108976863,4752.032505,3523.88526,9215.714017,0.053194014
M,Coarse Crackles,LMA,L0087,6.52e-07,0.003540228,-0.023546193,0.025521204,0.003540228,0.106629357,4363.521523,3597.390083,8959.55172,0.03122278
M,Coarse Crackles,LMA,L0087,-1.07e-06,0.00251604,-0.022361815,0.026359763,0.00251604,0.107271635,4222.858775,3537.557349,8812.629019,0.040845403
M,Coarse Crackles,LMA,L0087,5.13e-07,0.003017383,-0.01990955,0.018438261,0.003017383,0.10001878,3981.255812,3603.350396,8470.085449,0.020696249
M,Coarse Crackles,LMA,L0087,-2.64e-06,0.003387372,-0.02486285,0.03270069,0.003387373,0.100180288,4490.32778,3567.405473,9043.199932,0.040633202
M,Coarse Crackles,LMA,L0087,2.69e-06,0.003031908,-0.021070497,0.016281318,0.003031909,0.105168269,4165.190688,3570.436065,8732.956167,0.040889056
M,Rhonchi,LC,L0088,-6.07e-07,0.001836032,-0.008603872,0.00811992,0.001836033,0.11026893,4400.611722,3530.058316,8953.423039,0.028584224
M,Rhonchi,LC,L0088,-7.01e-07,0.003763979,-0.017866373,0.019742684,0.00376398,0.116789363,3649.047656,3533.843458,8286.390663,0.034700307
M,Rhonchi,LC,L0088,9.59e-07,0.001991968,-0.01097442,0.012458209,0.001991968,0.095166016,5244.269445,3395.337756,9524.135742,0.070689361
M,Rhonchi,LC,L0088,-3.91e-06,0.003872047,-0.018091476,0.018322013,0.003872049,0.118321815,3791.92268,3533.828317,8435.715144,0.040344604
M,Rhonchi,LC,L0088,1.52e-06,0.00203957,-0.015477943,0.017246008,0.00203957,0.100507061,5217.393502,3373.385871,9490.345177,0.061103298
M,Wheezing,LC,L0089,-1.51e-06,0.001163477,-0.008363091,0.007971405,0.001163478,0.112255859,3856.051419,3589.084474,8405.23738,0.03016231
M,Wheezing,LC,L0089,2.76e-06,0.003423029,-0.043221965,0.043373466,0.00342303,0.098828125,4130.733936,3614.500907,8625.869892,0.022592604
M,Wheezing,LC,L0089,-1.62e-06,0.002098945,-0.016785892,0.016217258,0.002098946,0.107249099,3850.833723,3590.254423,8350.493352,0.029078106
M,Wheezing,LC,L0089,1.83e-06,0.002138458,-0.027039915,0.02448453,0.002138459,0.104131611,4041.051584,3586.473626,8535.264799,0.028208388
M,Wheezing,LC,L0089,2.13e-07,0.001252946,-0.005406642,0.005571935,0.001252947,0.109142127,4154.974048,3595.784423,8717.386005,0.034758346
M,Rhonchi,RUA,L0090,1.49e-06,0.001425614,-0.010118173,0.008820483,0.001425615,0.111538462,3626.809913,3552.995902,8195.702749,0.030804765
M,Rhonchi,RUA,L0090,2.45e-06,0.001033116,-0.005400734,0.005164011,0.001033119,0.099045974,4392.416821,3596.266888,8955.41072,0.033571713
M,Rhonchi,RUA,L0090,-3.79e-06,0.001349025,-0.005617193,0.00514673,0.00134903,0.106933594,4444.021853,3573.804815,8997.400466,0.054087515
M,Rhonchi,RUA,L0090,2.22e-06,0.001130322,-0.006185146,0.004766383,0.001130324,0.104916617,4138.452381,3594.197785,8711.422964,0.038771114
M,Rhonchi,RUA,L0090,2.1e-06,0.001311301,-0.005319438,0.007551292,0.001311303,0.107230319,4539.027195,3578.168832,9076.990497,0.041512713
M,Rhonchi,RUSB,L0091,1.2e-05,0.007126587,-0.05155471,0.04640523,0.007126597,0.102693059,4619.31189,3562.057643,9106.971342,0.054622932
M,Rhonchi,RUSB,L0091,6.19e-06,0.005109452,-0.031205699,0.030945607,0.005109456,0.100597206,4443.130282,3594.397522,9007.670147,0.02954869
M,Rhonchi,RUSB,L0091,-1.14e-05,0.005608183,-0.04473671,0.06829798,0.005608195,0.106561749,4032.743147,3569.155534,8649.639235,0.028764206
M,Rhonchi,RUSB,L0091,1.07e-05,0.003964596,-0.022371922,0.023839133,0.00396461,0.103549429,4281.20505,3603.172114,8785.298415,0.028482724
M,Rhonchi,RUSB,L0091,-1.47e-06,0.004845887,-0.038741272,0.038063932,0.004845887,0.107249099,4249.775716,3523.777709,8798.880897,0.03253473
M,Wheezing,RC,L0092,-3.62e-06,0.00299701,-0.018921826,0.02028441,0.002997012,0.105799279,4562.185578,3549.171876,9070.199256,0.054143343
M,Wheezing,RC,L0092,-1.31e-06,0.004551214,-0.030073097,0.030973136,0.004551215,0.113807091,4098.79269,3563.380577,8625.621432,0.042865557
M,Wheezing,RC,L0092,2.26e-06,0.003504704,-0.0293028,0.032561425,0.003504705,0.106028395,4041.79977,3592.730736,8572.450984,0.026214706
M,Wheezing,RC,L0092,-1.7e-06,0.004598357,-0.057560235,0.059509553,0.004598357,0.113615535,4016.682556,3576.6689,8576.591985,0.034627355
M,Wheezing,RC,L0092,-3.28e-06,0.004256027,-0.046721105,0.059597056,0.004256028,0.10543119,4284.902913,3542.649647,8818.50924,0.027817499
M,Coarse Crackles,LMA,L0093,6.52e-07,0.003540228,-0.023546193,0.025521204,0.003540228,0.106629357,4363.521523,3597.390083,8959.55172,0.03122278
M,Coarse Crackles,LMA,L0093,-1.07e-06,0.00251604,-0.022361815,0.026359763,0.00251604,0.107271635,4222.858775,3537.557349,8812.629019,0.040845403
M,Coarse Crackles,LMA,L0093,5.13e-07,0.003017383,-0.01990955,0.018438261,0.003017383,0.10001878,3981.255812,3603.350396,8470.085449,0.020696249
M,Coarse Crackles,LMA,L0093,-2.64e-06,0.003387372,-0.02486285,0.03270069,0.003387373,0.100180288,4490.32778,3567.405473,9043.199932,0.040633202
M,Coarse Crackles,LMA,L0093,2.69e-06,0.003031908,-0.021070497,0.016281318,0.003031909,0.105168269,4165.190688,3570.436065,8732.956167,0.040889056
M,Rhonchi,LC,L0094,-6.07e-07,0.001836032,-0.008603872,0.00811992,0.001836033,0.11026893,4400.611722,3530.058316,8953.423039,0.028584224
M,Rhonchi,LC,L0094,-7.01e-07,0.003763979,-0.017866373,0.019742684,0.00376398,0.116789363,3649.047656,3533.843458,8286.390663,0.034700307
M,Rhonchi,LC,L0094,9.59e-07,0.001991968,-0.01097442,0.012458209,0.001991968,0.095166016,5244.269445,3395.337756,9524.135742,0.070689361
M,Rhonchi,LC,L0094,-3.91e-06,0.003872047,-0.018091476,0.018322013,0.003872049,0.118321815,3791.92268,3533.828317,8435.715144,0.040344604
M,Rhonchi,LC,L0094,1.52e-06,0.00203957,-0.015477943,0.017246008,0.00203957,0.100507061,5217.393502,3373.385871,9490.345177,0.061103298
F,Normal,Apex,L0095,3.58e-06,0.003609851,-0.041609026,0.054261334,0.003609853,0.110794772,4216.337073,3527.807361,8699.662523,0.035326848
F,Normal,Apex,L0095,-4.25e-06,0.001882492,-0.010505661,0.007990907,0.001882497,0.11623723,3986.425497,3574.694867,8550.503681,0.039185121
F,Normal,Apex,L0095,1.83e-06,0.003490937,-0.016057167,0.015997251,0.003490938,0.110126202,4155.272537,3597.517788,8724.425706,0.034985482
F,Normal,Apex,L0095,5.78e-07,0.002404372,-0.011426762,0.013650101,0.002404372,0.119749099,3939.48832,3569.545318,8518.783616,0.044901348
F,Normal,Apex,L0095,-1.6e-06,0.004016986,-0.055074736,0.050384276,0.004016987,0.106494141,5018.543347,3445.070355,9371.33282,0.054878697
M,Rhonchi,LUA,L0096,4.85e-07,0.000613091,-0.00294962,0.002997216,0.000613091,0.111373197,3818.645923,3575.735186,8431.905424,0.041553927
M,Rhonchi,LUA,L0096,-5.39e-07,0.000522474,-0.002085327,0.001887893,0.000522475,0.111861478,4235.510447,3592.27993,8775.111553,0.050140886
M,Rhonchi,LUA,L0096,-2.88e-07,0.000652234,-0.003051001,0.003306668,0.000652234,0.118802584,3547.811905,3523.789202,8166.632925,0.049458216
M,Rhonchi,LUA,L0096,-1.41e-06,0.001187311,-0.00703488,0.00662621,0.001187312,0.095286208,4454.670555,3609.173107,9046.761193,0.027839715
M,Rhonchi,LUA,L0096,6.66e-07,0.002219888,-0.01938551,0.020484112,0.002219888,0.112030499,4251.251332,3579.063899,8863.646146,0.052654332
F,Pleural Rub,RUSB,L0097,3.57e-06,0.009906198,-0.07144071,0.06821656,0.009906199,0.116661659,4694.148078,3422.584562,9077.984337,0.063507227
F,Pleural Rub,RUSB,L0097,-3.38e-06,0.005413165,-0.05966083,0.05811145,0.005413166,0.106216196,4366.139226,3555.97408,8958.2266,0.025136819
F,Pleural Rub,RUSB,L0097,7.14e-06,0.008372663,-0.064141184,0.066262744,0.008372666,0.109814453,5062.572527,3363.58608,9344.085036,0.098559264
F,Pleural Rub,RUSB,L0097,-1.42e-06,0.007465217,-0.08248471,0.059191022,0.007465217,0.107004958,4121.366169,3564.879512,8715.232685,0.032372826
F,Pleural Rub,RUSB,L0097,-2.1e-06,0.00803176,-0.070658684,0.06765248,0.008031761,0.110389123,4385.560824,3517.622221,8923.690655,0.026536397
M,Wheezing,LUSB,L0098,-3.07e-05,0.011260951,-0.075016275,0.061388437,0.011260993,0.11175631,4763.905659,3522.100793,9225.569599,0.0590919
M,Wheezing,LUSB,L0098,1.69e-06,0.007492346,-0.04486984,0.035938703,0.007492346,0.112992037,4135.325229,3565.784714,8754.24091,0.033412
M,Wheezing,LUSB,L0098,2.07e-06,0.008950257,-0.08275688,0.06776382,0.008950258,0.108079177,5057.463726,3428.39902,9377.792781,0.091913492
M,Wheezing,LUSB,L0098,-2e-07,0.010270189,-0.06515475,0.055973195,0.010270189,0.113690655,3730.494308,3554.524874,8325.895808,0.027000394
M,Wheezing,LUSB,L0098,-1.32e-06,0.005871707,-0.032786317,0.0319442,0.005871707,0.107279147,4899.038951,3465.353397,9290.997408,0.058101583
F,Fine Crackles,RUSB,L0099,5.25e-06,0.006835433,-0.048639257,0.042462148,0.006835435,0.109574069,4026.568348,3564.119001,8666.120418,0.032752477
F,Fine Crackles,RUSB,L0099,-1.5e-05,0.004848391,-0.045710795,0.03449793,0.004848414,0.104589844,4456.023555,3563.873276,9030.197191,0.035995807
F,Fine Crackles,RUSB,L0099,4.82e-06,0.005566077,-0.051045105,0.053853776,0.00556608,0.113416466,4161.427785,3520.739762,8675.396259,0.050123931
F,Fine Crackles,RUSB,L0099,1.48e-05,0.005633385,-0.03787746,0.033467866,0.005633405,0.101596304,4637.728979,3545.404789,9154.261569,0.033162321
F,Fine Crackles,RUSB,L0099,-6.17e-06,0.004445449,-0.025879465,0.025341114,0.004445453,0.113303786,4678.584335,3519.242768,9157.491549,0.093779574
F,Coarse Crackles,LLSB,L0100,1.3e-05,0.008176999,-0.08838884,0.07931576,0.008177009,0.097765174,4655.674813,3558.068277,9143.826247,0.035424353
F,Coarse Crackles,LLSB,L0100,-4.18e-06,0.003767503,-0.01982614,0.021703998,0.003767506,0.100334285,4410.872038,3605.799363,8988.041804,0.020178227
F,Coarse Crackles,LLSB,L0100,4.81e-06,0.005272213,-0.023748824,0.024201998,0.005272216,0.096011118,4265.468823,3609.465266,8776.933594,0.0161919
F,Coarse Crackles,LLSB,L0100,7.44e-07,0.003819715,-0.014973752,0.016515108,0.003819715,0.095917218,4415.134273,3603.272386,8985.225924,0.024383883
F,Coarse Crackles,LLSB,L0100,-3.6e-06,0.004229459,-0.021877557,0.02733937,0.004229461,0.096540715,4715.458166,3579.363537,9297.457369,0.018528835
M,Wheezing,RMA,L0101,7.3e-07,0.003048469,-0.014197756,0.015072011,0.003048469,0.118539663,3718.883567,3563.020557,8282.415302,0.028266077
M,Wheezing,RMA,L0101,-9.15e-07,0.001753403,-0.010005219,0.010179113,0.001753404,0.109078275,4327.67655,3548.415436,8862.900766,0.048940225
M,Wheezing,RMA,L0101,-3.11e-07,0.003308668,-0.014786958,0.014877789,0.003308668,0.11558744,4015.008938,3551.341346,8575.598145,0.040226572
M,Wheezing,RMA,L0101,2.18e-06,0.001946128,-0.01100699,0.010369945,0.001946129,0.11564378,3916.693225,3553.734004,8519.114896,0.037303776
M,Wheezing,RMA,L0101,-4.98e-06,0.002547426,-0.01146814,0.011643106,0.002547431,0.118697416,4608.355687,3489.728898,9046.347093,0.07084405
M,Pleural Rub,RLA,L0102,9.45e-06,0.004747133,-0.024630442,0.025342759,0.004747143,0.099380258,4648.67937,3559.65171,9140.596267,0.038395853
M,Pleural Rub,RLA,L0102,8.88e-06,0.003781217,-0.02978532,0.03326571,0.003781228,0.098133263,4600.626242,3577.151846,9147.553148,0.036593605
M,Pleural Rub,RLA,L0102,-3.83e-06,0.00253708,-0.01616215,0.01450504,0.002537083,0.106351412,4290.33266,3569.497583,8803.850098,0.050299695
M,Pleural Rub,RLA,L0102,-1.48e-06,0.002530732,-0.014937667,0.014664367,0.002530732,0.101645132,4332.626868,3628.206462,8893.461351,0.021354914
M,Pleural Rub,RLA,L0102,3.19e-06,0.002715276,-0.028931912,0.024482315,0.002715278,0.110107422,4214.635108,3598.592275,8792.835036,0.040905085
F,Wheezing,LLA,L0103,7.69e-06,0.002749452,-0.009432654,0.011290744,0.002749463,0.110569411,4332.454195,3592.921813,8896.028771,0.040437152
F,Wheezing,LLA,L0103,-2.05e-06,0.001771889,-0.008666487,0.009091693,0.00177189,0.107136418,4242.582849,3599.671783,8791.924016,0.034256448
F,Wheezing,LLA,L0103,5.38e-07,0.002421139,-0.01085171,0.010776988,0.002421139,0.114629657,3993.582609,3592.189515,8515.222356,0.027062089
F,Wheezing,LLA,L0103,1.32e-06,0.00208207,-0.009489923,0.010130703,0.002082071,0.108751502,3931.545026,3592.151169,8450.208646,0.028639657
F,Wheezing,LLA,L0103,-1.28e-06,0.002827242,-0.011716637,0.011447688,0.002827242,0.109637921,4502.354051,3554.679428,9014.958308,0.049937432
M,Fine Crackles,LUSB,L0104,-4.16e-07,0.008182629,-0.07770916,0.08503045,0.008182629,0.105893179,4376.768952,3597.961691,8968.910382,0.037787443
M,Fine Crackles,LUSB,L0104,5.16e-06,0.004730775,-0.02252415,0.02434685,0.004730778,0.102997296,4378.836421,3595.384866,8935.616737,0.023931987
M,Fine Crackles,LUSB,L0104,-4.64e-06,0.004275099,-0.032462474,0.027740669,0.004275102,0.104007662,4217.310995,3577.724612,8748.60915,0.038939609
M,Fine Crackles,LUSB,L0104,5.65e-06,0.005466657,-0.04347209,0.051221617,0.00546666,0.105066857,4458.192847,3550.52111,8934.374437,0.047761297
M,Fine Crackles,LUSB,L0104,-5.66e-06,0.004565567,-0.051580183,0.043779507,0.00456557,0.103455529,4182.151902,3595.81949,8730.968487,0.026664158
F,Wheezing,RUSB,L0105,-5.32e-06,0.006152444,-0.02872241,0.028411448,0.006152447,0.102978516,4706.166428,3531.517559,9193.518254,0.055698921
F,Wheezing,RUSB,L0105,5.22e-06,0.006717342,-0.030304682,0.032434467,0.006717344,0.111095252,3819.747986,3568.79498,8417.163462,0.02893175
F,Wheezing,RUSB,L0105,-2.77e-06,0.005190039,-0.024900215,0.030278988,0.00519004,0.105232121,4613.280956,3538.651769,9104.403921,0.042274244
F,Wheezing,RUSB,L0105,-5.65e-06,0.005494095,-0.019740334,0.020021748,0.005494098,0.114396785,3803.362651,3573.863726,8359.106633,0.031182634
F,Wheezing,RUSB,L0105,5.63e-07,0.004162764,-0.027783833,0.02332811,0.004162764,0.107102614,4267.932455,3573.683847,8810.310059,0.030022738
M,Rhonchi,RC,L0106,1.49e-06,0.001425614,-0.010118173,0.008820483,0.001425615,0.111538462,3626.809913,3552.995902,8195.702749,0.030804765
M,Rhonchi,RC,L0106,2.45e-06,0.001033116,-0.005400734,0.005164011,0.001033119,0.099045974,4392.416821,3596.266888,8955.41072,0.033571713
M,Rhonchi,RC,L0106,-3.79e-06,0.001349025,-0.005617193,0.00514673,0.00134903,0.106933594,4444.021853,3573.804815,8997.400466,0.054087515
M,Rhonchi,RC,L0106,2.22e-06,0.001130322,-0.006185146,0.004766383,0.001130324,0.104916617,4138.452381,3594.197785,8711.422964,0.038771114
M,Rhonchi,RC,L0106,2.1e-06,0.001311301,-0.005319438,0.007551292,0.001311303,0.107230319,4539.027195,3578.168832,9076.990497,0.041512713
M,Pleural Rub,LLSB,L0107,1.69e-06,0.004987802,-0.024166081,0.023065887,0.004987802,0.102478966,4458.332017,3575.692491,8957.14994,0.022037939
M,Pleural Rub,LLSB,L0107,-6.78e-06,0.006126201,-0.058655336,0.046145484,0.006126205,0.098910757,4412.560957,3598.927903,8932.718036,0.030546956
M,Pleural Rub,LLSB,L0107,-4.39e-06,0.004073677,-0.034166515,0.029225754,0.004073679,0.099996244,4228.976478,3608.633227,8746.373009,0.022995702
M,Pleural Rub,LLSB,L0107,-2.15e-05,0.007207109,-0.11004487,0.06997408,0.007207141,0.098035607,4276.42319,3590.716407,8781.405874,0.018402142
M,Pleural Rub,LLSB,L0107,1.34e-05,0.008237596,-0.05907564,0.05175699,0.008237606,0.099402794,4542.686643,3570.249352,9004.026067,0.028316638
F,Rhonchi,LUA,L0108,-4.88e-06,0.005776205,-0.020024044,0.020268086,0.005776207,0.099759615,4511.39778,3615.373646,9136.538086,0.016097313
F,Rhonchi,LUA,L0108,-7.6e-07,0.006464874,-0.021759057,0.021556877,0.006464874,0.101716496,4170.604641,3612.971486,8741.486629,0.02527802
F,Rhonchi,LUA,L0108,-1.38e-05,0.005216444,-0.023326987,0.022215394,0.005216462,0.100927734,4497.993984,3581.734289,9101.753681,0.024745843
F,Rhonchi,LUA,L0108,1.59e-05,0.005835368,-0.034394514,0.03468042,0.00583539,0.10453726,4437.521286,3601.142976,9011.065768,0.038052754
F,Rhonchi,LUA,L0108,-2.31e-06,0.005172232,-0.018264871,0.01821451,0.005172232,0.100600962,4301.054501,3571.044232,8825.217661,0.033704262
F,Fine Crackles,LLA,L0109,-6.52e-08,0.000678271,-0.00396269,0.003936061,0.000678271,0.111350661,4597.402868,3525.336049,9085.520959,0.083866146
F,Fine Crackles,LLA,L0109,3.84e-07,0.000630477,-0.003718806,0.004534776,0.000630477,0.110911208,3888.175453,3585.735551,8437.205904,0.03243562
F,Fine Crackles,LLA,L0109,-3.02e-07,0.00065187,-0.003367301,0.004172874,0.00065187,0.115313251,4140.064598,3545.512793,8691.628981,0.047710525
F,Fine Crackles,LLA,L0109,1.5e-07,0.000946831,-0.0075062,0.006626182,0.000946831,0.10783128,3806.640472,3575.013436,8364.158654,0.032793434
F,Fine Crackles,LLA,L0109,-7.3e-07,0.000805228,-0.005101171,0.005241925,0.000805229,0.108026593,3784.208408,3582.239025,8315.791767,0.030530843
F,Normal,RLA,L0110,4.38e-06,0.005395097,-0.022460323,0.030554928,0.005395099,0.104195463,4457.118177,3589.102656,9053.138334,0.036931606
F,Normal,RLA,L0110,-1.74e-06,0.002218995,-0.013091784,0.013254026,0.002218995,0.116071965,4031.77772,3578.933967,8614.93765,0.045143549
F,Normal,RLA,L0110,-4.64e-07,0.001844648,-0.011757741,0.012217978,0.001844648,0.113378906,4045.758006,3549.692251,8624.544772,0.051232252
F,Normal,RLA,L0110,2.61e-06,0.002737001,-0.026360609,0.03025331,0.002737003,0.114685998,3793.038894,3572.787411,8388.839017,0.035711563
F,Normal,RLA,L0110,-2.62e-06,0.003371678,-0.03479585,0.03235218,0.003371679,0.11099384,3996.368102,3567.384427,8544.70628,0.045161095
F,Fine Crackles,LLA,L0111,-2.22e-06,0.001304164,-0.0163427,0.01574862,0.001304166,0.102824519,3957.280501,3619.733664,8441.761005,0.018424975
F,Fine Crackles,LLA,L0111,1.04e-06,0.001661892,-0.009214988,0.008184747,0.001661892,0.128485577,4383.248257,3582.922716,8924.436035,0.031635957
F,Fine Crackles,LLA,L0111,-1.91e-06,0.001330241,-0.012751202,0.015254695,0.001330242,0.124703275,4428.184342,3585.79781,8998.559946,0.039956123
F,Fine Crackles,LLA,L0111,3.45e-06,0.001002791,-0.004555294,0.004962651,0.001002797,0.130352314,4701.325458,3552.074007,9224.741399,0.047729508
F,Fine Crackles,LLA,L0111,1.86e-06,0.000838592,-0.003881367,0.005125878,0.000838595,0.102110877,4229.056669,3604.302138,8761.694712,0.024194932
F,Pleural Rub,LLA,L0112,-5.72e-06,0.002571245,-0.017586859,0.016091311,0.002571251,0.101855469,4823.499289,3500.19592,9314.601112,0.038725862
F,Pleural Rub,LLA,L0112,7.21e-06,0.002305238,-0.014981192,0.011256564,0.00230525,0.114963942,4276.572029,3524.878683,8780.412034,0.063055705
F,Pleural Rub,LLA,L0112,-1.16e-06,0.001324251,-0.007852216,0.007451355,0.001324251,0.101066707,5212.60838,3430.728228,9550.389686,0.067567212
F,Pleural Rub,LLA,L0112,1.9e-06,0.001920174,-0.015131907,0.01179997,0.001920175,0.119580078,4720.743384,3440.788942,9129.084285,0.06604106
F,Pleural Rub,LLA,L0112,-2.38e-06,0.001096248,-0.006111064,0.006617773,0.00109625,0.103628305,4426.512074,3557.936217,8922.531175,0.035099203
F,Rhonchi,RUSB,L0113,-1.97e-07,0.000575881,-0.003390964,0.004213699,0.000575882,0.115350811,3738.8596,3551.986205,8311.319486,0.036194465
F,Rhonchi,RUSB,L0113,-3.71e-07,0.000476268,-0.003797231,0.003690308,0.000476268,0.111711238,4415.996234,3564.400826,8927.086276,0.084045632
F,Rhonchi,RUSB,L0113,1.24e-07,0.000448208,-0.002845918,0.002906115,0.000448208,0.119249549,3652.881922,3540.73485,8272.394081,0.041108842
F,Rhonchi,RUSB,L0113,-3.11e-07,0.000379832,-0.00260448,0.002387661,0.000379832,0.114592097,3949.342347,3588.405369,8481.348971,0.034486139
F,Rhonchi,RUSB,L0113,3.48e-07,0.000466671,-0.003322598,0.003539764,0.000466671,0.121510667,3914.445737,3524.223786,8510.998535,0.043424376
M,Wheezing,Apex,L0114,5.8e-06,0.004392513,-0.037565842,0.03416208,0.004392517,0.100379357,3899.851298,3625.124928,8321.837628,0.01273253
M,Wheezing,Apex,L0114,-1.39e-05,0.002132924,-0.018897183,0.017143149,0.002132969,0.109266076,4633.234649,3539.721706,9109.621582,0.035036221
M,Wheezing,Apex,L0114,9.25e-06,0.001726858,-0.009828811,0.015783077,0.001726883,0.098167067,4906.864765,3493.68009,9272.362906,0.078994317
M,Wheezing,Apex,L0114,4.41e-06,0.00135451,-0.004892657,0.005050395,0.001354517,0.102020733,4195.983543,3613.59306,8751.34221,0.029859119
M,Wheezing,Apex,L0114,-5.11e-06,0.001320957,-0.006102201,0.007525791,0.001320967,0.102629207,4518.913874,3587.739128,9092.39502,0.034008852
F,Fine Crackles,LLA,L0115,8.05e-07,0.000980996,-0.009696728,0.005983111,0.000980997,0.10878155,4010.153024,3613.243733,8564.251803,0.024693289
F,Fine Crackles,LLA,L0115,2.83e-07,0.000428277,-0.002627099,0.001843772,0.000428277,0.10691857,4102.993838,3599.321998,8662.062237,0.039568652
F,Fine Crackles,LLA,L0115,-2.48e-07,0.001304971,-0.011539681,0.015144371,0.001304971,0.11032527,3913.31439,3599.538617,8446.481746,0.029230106
F,Fine Crackles,LLA,L0115,6.23e-08,0.000810911,-0.012292461,0.007794743,0.000810911,0.108961839,4319.0737,3584.525372,8923.690655,0.030710581
F,Fine Crackles,LLA,L0115,-2.24e-07,0.000498294,-0.002907013,0.002841712,0.000498294,0.111023888,3832.059234,3588.112421,8398.197679,0.031882807
M,Coarse Crackles,RUA,L0116,1.78e-06,0.002424963,-0.025812639,0.02128646,0.002424964,0.111763822,3995.949475,3561.688467,8619.575571,0.036623589
M,Coarse Crackles,RUA,L0116,-5.48e-07,0.001662739,-0.030936968,0.022262767,0.001662739,0.110430439,4132.286394,3548.332113,8705.625563,0.040651153
M,Coarse Crackles,RUA,L0116,-4.53e-07,0.002165058,-0.02531997,0.021234032,0.002165058,0.107515775,4689.754045,3454.55597,9191.282114,0.050885175
M,Coarse Crackles,RUA,L0116,-1.09e-06,0.001864475,-0.020304453,0.018983943,0.001864476,0.119204477,3723.833024,3517.499501,8349.665152,0.047331631
M,Coarse Crackles,RUA,L0116,1.71e-06,0.001361734,-0.022761397,0.018842194,0.001361735,0.103019832,5178.413197,3367.630945,9396.013184,0.163847493
M,Rhonchi,RMA,L0117,1.86e-06,0.002131237,-0.010761958,0.009362548,0.002131238,0.114682242,3709.62059,3546.221516,8309.994366,0.040243696
M,Rhonchi,RMA,L0117,-2.8e-06,0.002262583,-0.01634911,0.016241793,0.002262585,0.104206731,4661.553894,3531.043796,9183.165753,0.038788594
M,Rhonchi,RMA,L0117,2.18e-06,0.003660227,-0.031235937,0.032112464,0.003660228,0.108529898,4582.851431,3530.764623,9073.512057,0.07847525
M,Rhonchi,RMA,L0117,-1.16e-06,0.003119781,-0.016947161,0.015451826,0.003119781,0.109983474,4274.220863,3556.315137,8872.425068,0.03632004
M,Rhonchi,RMA,L0117,8.23e-07,0.002569658,-0.04612323,0.040926762,0.002569658,0.107147686,5046.220698,3446.644505,9442.22675,0.074481393
M,Fine Crackles,RMA,L0118,1.06e-06,0.008159181,-0.11487937,0.123358436,0.008159181,0.096232722,4818.912413,3498.277747,9220.269118,0.022370055
M,Fine Crackles,RMA,L0118,9.25e-07,0.006492092,-0.070587665,0.08522953,0.006492092,0.104601112,4400.615339,3573.150791,8913.338154,0.03642337
M,Fine Crackles,RMA,L0118,-7.91e-07,0.001891881,-0.009833147,0.012572962,0.001891881,0.101757813,4501.721732,3595.561146,9047.340933,0.022788377
M,Fine Crackles,RMA,L0118,5.74e-06,0.002229486,-0.012495737,0.012427876,0.002229493,0.100758714,4099.775066,3613.982579,8656.347656,0.028627878
M,Fine Crackles,RMA,L0118,6.81e-07,0.002879361,-0.026491862,0.02148017,0.002879361,0.10386869,4906.194848,3513.78886,9317.913912,0.051641225
F,Wheezing,LLA,L0119,5.8e-06,0.004392513,-0.037565842,0.03416208,0.004392517,0.100379357,3899.851298,3625.124928,8321.837628,0.01273253
F,Wheezing,LLA,L0119,-1.39e-05,0.002132924,-0.018897183,0.017143149,0.002132969,0.109266076,4633.234649,3539.721706,9109.621582,0.035036221
F,Wheezing,LLA,L0119,9.25e-06,0.001726858,-0.009828811,0.015783077,0.001726883,0.098167067,4906.864765,3493.68009,9272.362906,0.078994317
F,Wheezing,LLA,L0119,4.41e-06,0.00135451,-0.004892657,0.005050395,0.001354517,0.102020733,4195.983543,3613.59306,8751.34221,0.029859119
F,Wheezing,LLA,L0119,-5.11e-06,0.001320957,-0.006102201,0.007525791,0.001320967,0.102629207,4518.913874,3587.739128,9092.39502,0.034008852
F,Fine Crackles,LLA,L0120,-6.52e-08,0.000678271,-0.00396269,0.003936061,0.000678271,0.111350661,4597.402868,3525.336049,9085.520959,0.083866146
F,Fine Crackles,LLA,L0120,3.84e-07,0.000630477,-0.003718806,0.004534776,0.000630477,0.110911208,3888.175453,3585.735551,8437.205904,0.03243562
F,Fine Crackles,LLA,L0120,-3.02e-07,0.00065187,-0.003367301,0.004172874,0.00065187,0.115313251,4140.064598,3545.512793,8691.628981,0.047710525
F,Fine Crackles,LLA,L0120,1.5e-07,0.000946831,-0.0075062,0.006626182,0.000946831,0.10783128,3806.640472,3575.013436,8364.158654,0.032793434
F,Fine Crackles,LLA,L0120,-7.3e-07,0.000805228,-0.005101171,0.005241925,0.000805229,0.108026593,3784.208408,3582.239025,8315.791767,0.030530843
F,Wheezing,LLA,L0121,7.69e-06,0.002749452,-0.009432654,0.011290744,0.002749463,0.110569411,4332.454195,3592.921813,8896.028771,0.040437152
F,Wheezing,LLA,L0121,-2.05e-06,0.001771889,-0.008666487,0.009091693,0.00177189,0.107136418,4242.582849,3599.671783,8791.924016,0.034256448
F,Wheezing,LLA,L0121,5.38e-07,0.002421139,-0.01085171,0.010776988,0.002421139,0.114629657,3993.582609,3592.189515,8515.222356,0.027062089
F,Wheezing,LLA,L0121,1.32e-06,0.00208207,-0.009489923,0.010130703,0.002082071,0.108751502,3931.545026,3592.151169,8450.208646,0.028639657
F,Wheezing,LLA,L0121,-1.28e-06,0.002827242,-0.011716637,0.011447688,0.002827242,0.109637921,4502.354051,3554.679428,9014.958308,0.049937432
M,Normal,RC,L0122,-4.48e-07,0.00054774,-0.004354344,0.004459505,0.00054774,0.119001653,4087.085867,3525.685678,8617.836351,0.046068771
M,Normal,RC,L0122,2.05e-07,0.000393717,-0.002044713,0.001803856,0.000393717,0.122592398,4312.588624,3553.754059,8910.770733,0.064252938
M,Normal,RC,L0122,-7.01e-07,0.000470617,-0.003428719,0.004096018,0.000470617,0.124391526,3971.239374,3524.365635,8562.015663,0.085095018
M,Normal,RC,L0122,4.27e-07,0.000480787,-0.003664012,0.004187471,0.000480787,0.121446815,4781.25827,3486.80757,9221.262958,0.082880526
M,Normal,RC,L0122,-9.16e-08,0.000395175,-0.002611757,0.002359227,0.000395175,0.127426382,3849.095368,3536.074389,8467.518029,0.063546425
M,Wheezing,LMA,L0123,1.17e-05,0.016534045,-0.15585546,0.1918975,0.016534049,0.109660457,4649.579501,3487.467335,9038.976112,0.031691836
M,Wheezing,LMA,L0123,-5e-06,0.005344748,-0.025484651,0.02231571,0.00534475,0.103988882,4418.575538,3555.116349,8924.601675,0.059441854
M,Wheezing,LMA,L0123,4.87e-06,0.007091547,-0.03898021,0.03528329,0.007091548,0.10565655,5154.358886,3427.413578,9509.0625,0.060934121
M,Wheezing,LMA,L0123,-1.04e-06,0.005706683,-0.029996123,0.032532185,0.005706683,0.111001352,3761.427733,3581.477169,8279.019681,0.024593785
M,Wheezing,LMA,L0123,1.02e-06,0.004156682,-0.021372367,0.025119996,0.004156683,0.108976863,4752.032505,3523.88526,9215.714017,0.053194014
M,Wheezing,RMA,L0124,7.3e-07,0.003048469,-0.014197756,0.015072011,0.003048469,0.118539663,3718.883567,3563.020557,8282.415302,0.028266077
M,Wheezing,RMA,L0124,-9.15e-07,0.001753403,-0.010005219,0.010179113,0.001753404,0.109078275,4327.67655,3548.415436,8862.900766,0.048940225
M,Wheezing,RMA,L0124,-3.11e-07,0.003308668,-0.014786958,0.014877789,0.003308668,0.11558744,4015.008938,3551.341346,8575.598145,0.040226572
M,Wheezing,RMA,L0124,2.18e-06,0.001946128,-0.01100699,0.010369945,0.001946129,0.11564378,3916.693225,3553.734004,8519.114896,0.037303776
M,Wheezing,RMA,L0124,-4.98e-06,0.002547426,-0.01146814,0.011643106,0.002547431,0.118697416,4608.355687,3489.728898,9046.347093,0.07084405
F,Normal,LUSB,L0125,-5.99e-06,0.011371029,-0.17678787,0.19137675,0.011371031,0.104060246,4487.030167,3531.716661,8975.784443,0.047844627
F,Normal,LUSB,L0125,1.19e-05,0.005224501,-0.03642491,0.03960685,0.005224514,0.106347656,3902.901894,3599.424712,8461.472168,0.030105314
F,Normal,LUSB,L0125,-1.09e-05,0.006277728,-0.025461107,0.028725034,0.006277738,0.097400841,4466.727027,3594.933678,9035.580491,0.030872272
F,Normal,LUSB,L0125,2.52e-06,0.007674338,-0.052658252,0.054317437,0.007674338,0.106865986,4214.832464,3610.144107,8763.268292,0.028719365
F,Normal,LUSB,L0125,-6.94e-06,0.005777379,-0.028998705,0.02950924,0.005777383,0.099932392,4557.983766,3601.848449,9159.727689,0.024798518
F,Fine Crackles,LLA,L0126,-2.22e-06,0.001304164,-0.0163427,0.01574862,0.001304166,0.102824519,3957.280501,3619.733664,8441.761005,0.018424975
F,Fine Crackles,LLA,L0126,1.04e-06,0.001661892,-0.009214988,0.008184747,0.001661892,0.128485577,4383.248257,3582.922716,8924.436035,0.031635957
F,Fine Crackles,LLA,L0126,-1.91e-06,0.001330241,-0.012751202,0.015254695,0.001330242,0.124703275,4428.184342,3585.79781,8998.559946,0.039956123
F,Fine Crackles,LLA,L0126,3.45e-06,0.001002791,-0.004555294,0.004962651,0.001002797,0.130352314,4701.325458,3552.074007,9224.741399,0.047729508
F,Fine Crackles,LLA,L0126,1.86e-06,0.000838592,-0.003881367,0.005125878,0.000838595,0.102110877,4229.056669,3604.302138,8761.694712,0.024194932
M,Wheezing,LLA,L0127,7.69e-06,0.002749452,-0.009432654,0.011290744,0.002749463,0.110569411,4332.454195,3592.921813,8896.028771,0.040437152
M,Wheezing,LLA,L0127,-2.05e-06,0.001771889,-0.008666487,0.009091693,0.00177189,0.107136418,4242.582849,3599.671783,8791.924016,0.034256448
M,Wheezing,LLA,L0127,5.38e-07,0.002421139,-0.01085171,0.010776988,0.002421139,0.114629657,3993.582609,3592.189515,8515.222356,0.027062089
M,Wheezing,LLA,L0127,1.32e-06,0.00208207,-0.009489923,0.010130703,0.002082071,0.108751502,3931.545026,3592.151169,8450.208646,0.028639657
M,Wheezing,LLA,L0127,-1.28e-06,0.002827242,-0.011716637,0.011447688,0.002827242,0.109637921,4502.354051,3554.679428,9014.958308,0.049937432
F,Fine Crackles,RUSB,L0128,5.25e-06,0.006835433,-0.048639257,0.042462148,0.006835435,0.109574069,4026.568348,3564.119001,8666.120418,0.032752477
F,Fine Crackles,RUSB,L0128,-1.5e-05,0.004848391,-0.045710795,0.03449793,0.004848414,0.104589844,4456.023555,3563.873276,9030.197191,0.035995807
F,Fine Crackles,RUSB,L0128,4.82e-06,0.005566077,-0.051045105,0.053853776,0.00556608,0.113416466,4161.427785,3520.739762,8675.396259,0.050123931
F,Fine Crackles,RUSB,L0128,1.48e-05,0.005633385,-0.03787746,0.033467866,0.005633405,0.101596304,4637.728979,3545.404789,9154.261569,0.033162321
F,Fine Crackles,RUSB,L0128,-6.17e-06,0.004445449,-0.025879465,0.025341114,0.004445453,0.113303786,4678.584335,3519.242768,9157.491549,0.093779574
F,Wheezing,Apex,L0129,5.8e-06,0.004392513,-0.037565842,0.03416208,0.004392517,0.100379357,3899.851298,3625.124928,8321.837628,0.01273253
F,Wheezing,Apex,L0129,-1.39e-05,0.002132924,-0.018897183,0.017143149,0.002132969,0.109266076,4633.234649,3539.721706,9109.621582,0.035036221
F,Wheezing,Apex,L0129,9.25e-06,0.001726858,-0.009828811,0.015783077,0.001726883,0.098167067,4906.864765,3493.68009,9272.362906,0.078994317
F,Wheezing,Apex,L0129,4.41e-06,0.00135451,-0.004892657,0.005050395,0.001354517,0.102020733,4195.983543,3613.59306,8751.34221,0.029859119
F,Wheezing,Apex,L0129,-5.11e-06,0.001320957,-0.006102201,0.007525791,0.001320967,0.102629207,4518.913874,3587.739128,9092.39502,0.034008852
F,Normal,LLSB,L0130,1.03e-06,0.015184105,-0.17402819,0.1899615,0.015184105,0.097829026,4952.93543,3487.534252,9348.391677,0.020352357
F,Normal,LLSB,L0130,-5.92e-06,0.011093522,-0.1812208,0.17023133,0.011093524,0.103354117,4205.031575,3603.071199,8749.27171,0.027388376
F,Normal,LLSB,L0130,-7.38e-06,0.005400928,-0.03307638,0.03554452,0.005400933,0.103538161,3909.216591,3600.083537,8424.037523,0.028256846
F,Normal,LLSB,L0130,6.88e-06,0.006407593,-0.044548262,0.07638114,0.006407597,0.098508864,4469.052343,3582.907351,8991.934345,0.031986867
F,Normal,LLSB,L0130,-6.07e-06,0.004101199,-0.020872183,0.025417503,0.004101204,0.107801232,4152.689393,3609.27959,8707.530424,0.039244696
M,Fine Crackles,LC,L0131,-3.13e-07,0.001469487,-0.017721526,0.0162778,0.001469487,0.098659105,4572.415015,3558.933088,9089.496319,0.042354883
M,Fine Crackles,LC,L0131,-6.83e-07,0.00114788,-0.009490735,0.013049636,0.00114788,0.115189303,4540.369293,3539.246437,9036.574331,0.076526976
M,Fine Crackles,LC,L0131,-1.16e-06,0.001030977,-0.006774295,0.010688666,0.001030978,0.105434946,3916.368831,3599.289609,8413.519381,0.022739011
M,Fine Crackles,LC,L0131,1.93e-06,0.002048544,-0.017091054,0.016083684,0.002048545,0.103158804,4438.18155,3562.634777,8942.904898,0.040540436
M,Fine Crackles,LC,L0131,-8.67e-07,0.000916646,-0.005474267,0.004933954,0.000916647,0.110836088,4034.910481,3579.116654,8595.474947,0.03714135
M,Wheezing,LUA,L0132,-3.02e-06,0.003879981,-0.017516082,0.018024622,0.003879982,0.112248347,4747.106353,3497.557717,9182.917293,0.06000544
M,Wheezing,LUA,L0132,1.06e-06,0.005350045,-0.02161491,0.021071656,0.005350045,0.119238281,3686.684982,3546.597674,8295.003944,0.03608158
M,Wheezing,LUA,L0132,2.96e-06,0.003336938,-0.020542676,0.021795554,0.003336939,0.108834135,4345.506705,3557.900214,8906.298453,0.052663467
M,Wheezing,LUA,L0132,8.17e-07,0.005204976,-0.021255527,0.021309301,0.005204976,0.117345252,4003.347441,3552.404511,8575.763785,0.039997683
M,Wheezing,LUA,L0132,-9.32e-07,0.003674002,-0.021931313,0.023624845,0.003674003,0.114133864,3848.114746,3556.71852,8497.250413,0.033704329
F,Fine Crackles,Apex,L0133,-1.9e-05,0.00513785,-0.019473458,0.019938763,0.005137885,0.101476112,4251.587149,3612.118368,8815.941819,0.026947323
F,Fine Crackles,Apex,L0133,5.71e-06,0.003280336,-0.023049455,0.019228365,0.003280341,0.101186899,4154.046104,3585.682161,8689.972581,0.036648051
F,Fine Crackles,Apex,L0133,-4.34e-06,0.003067546,-0.022900335,0.027067173,0.003067549,0.106129808,4316.534387,3552.455857,8832.257362,0.031299863
F,Fine Crackles,Apex,L0133,6.38e-06,0.00232278,-0.019568458,0.017717194,0.002322789,0.102073317,4022.642014,3580.413431,8561.104642,0.032706878
F,Fine Crackles,Apex,L0133,-4.1e-06,0.003372939,-0.04547586,0.036976274,0.003372942,0.10640024,4111.604659,3591.479549,8686.991061,0.033490224
M,Normal,LMA,L0134,-5.99e-06,0.011371029,-0.17678787,0.19137675,0.011371031,0.104060246,4487.030167,3531.716661,8975.784443,0.047844627
M,Normal,LMA,L0134,1.19e-05,0.005224501,-0.03642491,0.03960685,0.005224514,0.106347656,3902.901894,3599.424712,8461.472168,0.030105314
M,Normal,LMA,L0134,-1.09e-05,0.006277728,-0.025461107,0.028725034,0.006277738,0.097400841,4466.727027,3594.933678,9035.580491,0.030872272
M,Normal,LMA,L0134,2.52e-06,0.007674338,-0.052658252,0.054317437,0.007674338,0.106865986,4214.832464,3610.144107,8763.268292,0.028719365
M,Normal,LMA,L0134,-6.94e-06,0.005777379,-0.028998705,0.02950924,0.005777383,0.099932392,4557.983766,3601.848449,9159.727689,0.024798518
M,Normal,LC,L0135,-2.95e-06,0.002219997,-0.022345643,0.018098406,0.002219999,0.108319561,4245.999875,3562.581825,8818.7577,0.043130848
M,Normal,LC,L0135,-7.37e-07,0.004007966,-0.045500353,0.04086878,0.004007966,0.114839994,3955.413311,3556.410203,8512.075195,0.066392368
M,Normal,LC,L0135,2.37e-06,0.00178754,-0.009743379,0.01310602,0.001787541,0.105885667,4803.067615,3518.864642,9296.546349,0.05292975
M,Normal,LC,L0135,-3.71e-06,0.003750676,-0.051978044,0.051667213,0.003750677,0.120150992,4300.602462,3555.181544,8842.609863,0.061273431
M,Normal,LC,L0135,3.52e-06,0.00147544,-0.008434444,0.007142589,0.001475444,0.105123197,4594.820921,3549.361321,9161.38409,0.051266646
M,Wheezing,RUSB,L0136,-5.32e-06,0.006152444,-0.02872241,0.028411448,0.006152447,0.102978516,4706.166428,3531.517559,9193.518254,0.055698921
M,Wheezing,RUSB,L0136,5.22e-06,0.006717342,-0.030304682,0.032434467,0.006717344,0.111095252,3819.747986,3568.79498,8417.163462,0.02893175
M,Wheezing,RUSB,L0136,-2.77e-06,0.005190039,-0.024900215,0.030278988,0.00519004,0.105232121,4613.280956,3538.651769,9104.403921,0.042274244
M,Wheezing,RUSB,L0136,-5.65e-06,0.005494095,-0.019740334,0.020021748,0.005494098,0.114396785,3803.362651,3573.863726,8359.106633,0.031182634
M,Wheezing,RUSB,L0136,5.63e-07,0.004162764,-0.027783833,0.02332811,0.004162764,0.107102614,4267.932455,3573.683847,8810.310059,0.030022738
M,Fine Crackles,Apex,L0137,-1.9e-05,0.00513785,-0.019473458,0.019938763,0.005137885,0.101476112,4251.587149,3612.118368,8815.941819,0.026947323
M,Fine Crackles,Apex,L0137,5.71e-06,0.003280336,-0.023049455,0.019228365,0.003280341,0.101186899,4154.046104,3585.682161,8689.972581,0.036648051
M,Fine Crackles,Apex,L0137,-4.34e-06,0.003067546,-0.022900335,0.027067173,0.003067549,0.106129808,4316.534387,3552.455857,8832.257362,0.031299863
M,Fine Crackles,Apex,L0137,6.38e-06,0.00232278,-0.019568458,0.017717194,0.002322789,0.102073317,4022.642014,3580.413431,8561.104642,0.032706878
M,Fine Crackles,Apex,L0137,-4.1e-06,0.003372939,-0.04547586,0.036976274,0.003372942,0.10640024,4111.604659,3591.479549,8686.991061,0.033490224
M,Normal,LLA,L0138,2.91e-06,0.000539467,-0.003729306,0.003576472,0.000539475,0.118513371,3878.194441,3566.208733,8464.619328,0.04984373
M,Normal,LLA,L0138,1.23e-06,0.018636303,-0.09119591,0.11168887,0.018636303,0.100920222,3762.68046,3588.688302,8261.875939,0.017570457
M,Normal,LLA,L0138,-4.46e-06,0.005224799,-0.031219795,0.026431348,0.005224801,0.110456731,4091.370169,3587.723967,8707.944524,0.034959721
M,Normal,LLA,L0138,2.63e-06,0.004707327,-0.020702206,0.01922058,0.004707328,0.114922626,4091.187591,3570.711758,8677.715219,0.053921342
M,Normal,LLA,L0138,4.39e-06,0.007841319,-0.07450919,0.033963896,0.00784132,0.108285757,4109.450256,3596.703103,8685.16902,0.038621029
M,Wheezing,LC,L0139,-1.51e-06,0.001163477,-0.008363091,0.007971405,0.001163478,0.112255859,3856.051419,3589.084474,8405.23738,0.03016231
M,Wheezing,LC,L0139,2.76e-06,0.003423029,-0.043221965,0.043373466,0.00342303,0.098828125,4130.733936,3614.500907,8625.869892,0.022592604
M,Wheezing,LC,L0139,-1.62e-06,0.002098945,-0.016785892,0.016217258,0.002098946,0.107249099,3850.833723,3590.254423,8350.493352,0.029078106
M,Wheezing,LC,L0139,1.83e-06,0.002138458,-0.027039915,0.02448453,0.002138459,0.104131611,4041.051584,3586.473626,8535.264799,0.028208388
M,Wheezing,LC,L0139,2.13e-07,0.001252946,-0.005406642,0.005571935,0.001252947,0.109142127,4154.974048,3595.784423,8717.386005,0.034758346
F,Normal,RLA,L0140,4.38e-06,0.005395097,-0.022460323,0.030554928,0.005395099,0.104195463,4457.118177,3589.102656,9053.138334,0.036931606
F,Normal,RLA,L0140,-1.74e-06,0.002218995,-0.013091784,0.013254026,0.002218995,0.116071965,4031.77772,3578.933967,8614.93765,0.045143549
F,Normal,RLA,L0140,-4.64e-07,0.001844648,-0.011757741,0.012217978,0.001844648,0.113378906,4045.758006,3549.692251,8624.544772,0.051232252
F,Normal,RLA,L0140,2.61e-06,0.002737001,-0.026360609,0.03025331,0.002737003,0.114685998,3793.038894,3572.787411,8388.839017,0.035711563
F,Normal,RLA,L0140,-2.62e-06,0.003371678,-0.03479585,0.03235218,0.003371679,0.11099384,3996.368102,3567.384427,8544.70628,0.045161095
M,Wheezing,Apex,L0141,5.8e-06,0.004392513,-0.037565842,0.03416208,0.004392517,0.100379357,3899.851298,3625.124928,8321.837628,0.01273253
M,Wheezing,Apex,L0141,-1.39e-05,0.002132924,-0.018897183,0.017143149,0.002132969,0.109266076,4633.234649,3539.721706,9109.621582,0.035036221
M,Wheezing,Apex,L0141,9.25e-06,0.001726858,-0.009828811,0.015783077,0.001726883,0.098167067,4906.864765,3493.68009,9272.362906,0.078994317
M,Wheezing,Apex,L0141,4.41e-06,0.00135451,-0.004892657,0.005050395,0.001354517,0.102020733,4195.983543,3613.59306,8751.34221,0.029859119
M,Wheezing,Apex,L0141,-5.11e-06,0.001320957,-0.006102201,0.007525791,0.001320967,0.102629207,4518.913874,3587.739128,9092.39502,0.034008852
F,Normal,RMA,L0142,-1.68e-06,0.001373909,-0.011970917,0.012659028,0.00137391,0.114021184,5091.196609,3436.931238,9487.612117,0.069240191
F,Normal,RMA,L0142,1e-06,0.001709509,-0.00802232,0.007057818,0.00170951,0.130423678,3805.869837,3517.204261,8502.633714,0.055184675
F,Normal,RMA,L0142,-1.29e-06,0.001137946,-0.006897572,0.006201011,0.001137946,0.112169471,5067.883223,3442.364452,9431.377329,0.095354369
F,Normal,RMA,L0142,2.26e-06,0.002047005,-0.008219955,0.008679997,0.002047007,0.129439603,4320.776769,3512.334774,8854.784405,0.081771
F,Normal,RMA,L0142,-1.79e-06,0.001328117,-0.008817092,0.007239497,0.001328118,0.116631611,4495.44685,3491.414177,9042.123272,0.082615069
F,Wheezing,RLA,L0143,-2.1e-06,0.007353223,-0.02668487,0.027293209,0.007353224,0.112105619,4127.390377,3619.724351,8687.902081,0.027784148
F,Wheezing,RLA,L0143,-7.72e-07,0.004525563,-0.025820753,0.02337921,0.004525563,0.106685697,4428.758483,3559.789036,8946.466158,0.033062817
F,Wheezing,RLA,L0143,3.04e-07,0.006039445,-0.023449559,0.024591144,0.006039445,0.115046575,4023.364449,3572.407973,8574.190204,0.028615048
F,Wheezing,RLA,L0143,2.26e-06,0.004662863,-0.029957935,0.028570488,0.004662864,0.107410607,4055.335775,3594.727178,8630.424992,0.024139747
F,Wheezing,RLA,L0143,8.01e-07,0.006379979,-0.03919129,0.04677084,0.006379979,0.106681941,4435.484618,3577.626378,8985.971304,0.037592715
F,Normal,LUA,L0144,1.86e-06,0.004458181,-0.021924714,0.021091994,0.004458181,0.125461989,4061.528458,3498.866934,8683.26416,0.057324342
F,Normal,LUA,L0144,-1.19e-06,0.003923065,-0.02513238,0.021008201,0.003923065,0.120301232,3903.117688,3538.391963,8575.598145,0.035892161
F,Normal,LUA,L0144,9.75e-07,0.004691027,-0.023193661,0.024221445,0.004691027,0.118490835,4622.884529,3412.458272,9064.070575,0.055832895
F,Normal,LUA,L0144,-8.13e-07,0.004219057,-0.022357289,0.023047458,0.004219058,0.124714543,3638.811315,3506.222642,8343.619291,0.039132945
F,Normal,LUA,L0144,-4.44e-07,0.003996489,-0.02210195,0.020949569,0.003996489,0.116361178,5412.835182,3278.410241,9520.905762,0.094676112
M,Normal,RUSB,L0145,-1.68e-06,0.001373909,-0.011970917,0.012659028,0.00137391,0.114021184,5091.196609,3436.931238,9487.612117,0.069240191
M,Normal,RUSB,L0145,1e-06,0.001709509,-0.00802232,0.007057818,0.00170951,0.130423678,3805.869837,3517.204261,8502.633714,0.055184675
M,Normal,RUSB,L0145,-1.29e-06,0.001137946,-0.006897572,0.006201011,0.001137946,0.112169471,5067.883223,3442.364452,9431.377329,0.095354369
M,Normal,RUSB,L0145,2.26e-06,0.002047005,-0.008219955,0.008679997,0.002047007,0.129439603,4320.776769,3512.334774,8854.784405,0.081771
M,Normal,RUSB,L0145,-1.79e-06,0.001328117,-0.008817092,0.007239497,0.001328118,0.116631611,4495.44685,3491.414177,9042.123272,0.082615069
